,player_name,team,G,xHG,xPCT,HG,PCT
196,DJ LeMahieu,NYY,145,95,65.51724137931035,105,72.41379310344827
309,Jose Abreu,CWS,159,93,58.490566037735846,102,64.15094339622641
441,Whit Merrifield,KC,162,92,56.79012345679012,123,75.92592592592592
531,Mookie Betts,BOS,149,92,61.74496644295302,97,65.1006711409396
840,Rafael Devers,BOS,156,88,56.41025641025641,105,67.3076923076923
279,Marcus Semien,OAK,162,87,53.70370370370371,106,65.4320987654321
277,Anthony Rendon,WSH,146,87,59.589041095890416,95,65.06849315068493
837,Ozzie Albies,ATL,160,86,53.75,105,65.625
809,Amed Rosario,NYM,157,85,54.14012738853503,108,68.78980891719745
779,Trey Mancini,BAL,154,85,55.1948051948052,99,64.28571428571429
754,Cody Bellinger,LAD,156,85,54.48717948717948,97,62.17948717948718
578,Ketel Marte,ARI,144,84,58.333333333333336,100,69.44444444444444
155,J.D. Martinez,BOS,146,84,57.534246575342465,94,64.38356164383562
445,Xander Bogaerts,BOS,155,83,53.5483870967742,109,70.3225806451613
929,David Fletcher,LAA,149,83,55.70469798657718,106,71.14093959731544
127,Michael Brantley,HOU,148,83,56.08108108108109,100,67.56756756756756
177,Starlin Castro,MIA,162,82,50.617283950617285,106,65.4320987654321
329,Nolan Arenado,COL,155,82,52.903225806451616,102,65.80645161290323
396,Nicholas Castellanos,CHC,151,81,53.64238410596026,110,72.84768211920529
453,Jorge Polanco,MIN,153,80,52.28758169934641,105,68.62745098039215
192,Freddie Freeman,ATL,158,80,50.63291139240506,95,60.12658227848101
68,Charlie Blackmon,COL,140,80,57.14285714285714,94,67.14285714285714
204,Anthony Rizzo,CHC,146,80,54.794520547945204,88,60.273972602739725
136,Yuli Gurriel,HOU,144,79,54.861111111111114,97,67.36111111111111
601,Kevin Pillar,SF,160,79,49.375,94,58.75
906,Ronald Acuna Jr.,ATL,156,78,50.0,94,60.256410256410255
178,Starling Marte,PIT,130,78,60.0,84,64.61538461538461
492,Francisco Lindor,CLE,143,77,53.84615384615385,94,65.73426573426573
142,Eduardo Escobar,ARI,158,75,47.46835443037975,96,60.75949367088608
176,Jean Segura,PHI,144,75,52.083333333333336,96,66.66666666666666
499,Trevor Story,COL,145,75,51.724137931034484,93,64.13793103448275
105,Elvis Andrus,TEX,147,74,50.34013605442177,101,68.70748299319727
154,Tommy Pham,TB,145,74,51.03448275862069,93,64.13793103448275
964,Bryan Reynolds,PIT,133,74,55.639097744360896,87,65.41353383458647
731,Jorge Soler,KC,162,74,45.67901234567901,81,50.0
721,Pete Alonso,NYM,160,73,45.625,75,46.875
296,Mike Trout,LAA,133,73,54.88721804511278,69,51.8796992481203
227,Jonathan Villar,BAL,161,72,44.72049689440994,105,65.21739130434783
111,Carlos Santana,CLE,158,72,45.56962025316456,93,58.86075949367089
83,Lorenzo Cain,MIL,145,72,49.6551724137931,91,62.758620689655174
530,Josh Bell,PIT,143,72,50.349650349650354,83,58.04195804195804
88,Justin Turner,LAD,135,72,53.333333333333336,68,50.37037037037037
904,Yoan Moncada,CWS,131,71,54.19847328244275,91,69.46564885496184
829,Jeff McNeil,NYM,132,71,53.78787878787878,87,65.9090909090909
951,Juan Soto,WSH,150,71,47.333333333333336,85,56.666666666666664
304,Bryce Harper,PHI,157,71,45.22292993630573,84,53.503184713375795
288,Leury Garcia,CWS,137,70,51.09489051094891,95,69.34306569343066
587,Trea Turner,WSH,122,70,57.377049180327866,88,72.1311475409836
440,Christian Yelich,MIL,130,70,53.84615384615385,83,63.84615384615384
189,Josh Donaldson,ATL,155,70,45.16129032258064,80,51.61290322580645
175,Cesar Hernandez,PHI,161,69,42.857142857142854,107,66.45962732919256
262,Eric Hosmer,SD,160,69,43.125,101,63.125
412,Manny Machado,SD,156,69,44.230769230769226,89,57.05128205128205
159,Josh Reddick,HOU,140,69,49.28571428571429,84,60.0
420,J.T. Realmuto,PHI,145,69,47.58620689655172,84,57.931034482758626
896,Paul DeJong,STL,159,69,43.39622641509434,81,50.943396226415096
463,Adam Eaton,WSH,151,68,45.033112582781456,100,66.22516556291392
744,Austin Meadows,TB,138,68,49.275362318840585,87,63.04347826086957
863,Matt Chapman,OAK,152,68,44.73684210526316,78,51.31578947368421
449,Hanser Alberto,BAL,135,67,49.629629629629626,95,70.37037037037037
606,Alex Bregman,HOU,156,67,42.94871794871795,88,56.41025641025641
166,Paul Goldschmidt,STL,160,67,41.875,87,54.37499999999999
5,Shin-Soo Choo,TEX,151,67,44.370860927152314,85,56.29139072847682
424,Eddie Rosario,MIN,135,67,49.629629629629626,78,57.77777777777777
293,Randal Grichuk,TOR,150,67,44.666666666666664,75,50.0
519,Renato Nunez,BAL,151,67,44.370860927152314,73,48.34437086092716
815,Andrew Benintendi,BOS,136,66,48.529411764705884,84,61.76470588235294
725,Michael Conforto,NYM,150,66,44.0,82,54.666666666666664
200,Mike Moustakas,MIL,141,66,46.808510638297875,79,56.02836879432624
282,George Springer,HOU,122,65,53.278688524590166,71,58.19672131147541
752,Tim Anderson,CWS,122,64,52.459016393442624,89,72.95081967213115
848,Gleyber Torres,NYY,144,64,44.44444444444444,84,58.333333333333336
882,Kyle Schwarber,CHC,155,64,41.29032258064516,74,47.74193548387097
193,Yasmani Grandal,MIL,153,64,41.830065359477125,73,47.712418300653596
680,Matt Olson,OAK,127,64,50.39370078740157,69,54.330708661417326
3,Miguel Cabrera,DET,136,63,46.32352941176471,85,62.5
730,Yasiel Puig,CLE,149,63,42.281879194630875,83,55.70469798657718
226,Marcell Ozuna,STL,130,63,48.46153846153846,61,46.92307692307692
648,Kevin Newman,PIT,127,62,48.818897637795274,95,74.80314960629921
726,Adam Frazier,PIT,150,62,41.333333333333336,93,62.0
315,Eugenio Suarez,CIN,157,62,39.490445859872615,79,50.318471337579616
9,Yadier Molina,STL,112,62,55.35714285714286,75,66.96428571428571
460,Kole Calhoun,LAA,151,62,41.05960264900662,71,47.019867549668874
2,Albert Pujols,LAA,131,62,47.32824427480916,68,51.908396946564885
506,Max Kepler,MIN,131,62,47.32824427480916,68,51.908396946564885
213,Freddy Galvis,CIN,147,61,41.49659863945578,88,59.863945578231295
140,Miguel Rojas,MIA,130,61,46.92307692307692,87,66.92307692307692
483,Javier Baez,CHC,134,61,45.52238805970149,86,64.17910447761194
370,Christian Walker,ARI,152,61,40.131578947368425,79,51.973684210526315
540,J.D. Davis,NYM,140,61,43.57142857142857,75,53.57142857142857
32,Nelson Cruz,MIN,120,61,50.83333333333333,65,54.166666666666664
384,Jose Iglesias,CIN,144,60,41.66666666666667,91,63.19444444444444
393,Kris Bryant,CHC,147,60,40.816326530612244,91,61.904761904761905
109,Wilson Ramos,NYM,140,60,42.857142857142854,88,62.857142857142854
93,Joey Votto,CIN,142,60,42.25352112676056,85,59.859154929577464
173,Jose Altuve,HOU,124,60,48.38709677419355,80,64.51612903225806
230,Danny Santana,TEX,126,60,47.61904761904761,64,50.79365079365079
810,Willy Adames,TB,149,59,39.59731543624161,85,57.04697986577181
322,Gio Urshela,NYY,128,59,46.09375,78,60.9375
194,Jason Heyward,CHC,146,59,40.41095890410959,76,52.054794520547944
605,Jose Ramirez,CLE,129,59,45.73643410852713,71,55.03875968992248
354,Max Muncy,LAD,141,59,41.843971631205676,69,48.93617021276596
638,Franmil Reyes,CLE,149,59,39.59731543624161,65,43.624161073825505
223,Avisail Garcia,TB,125,58,46.400000000000006,82,65.60000000000001
527,Brian Anderson,MIA,126,58,46.03174603174603,76,60.317460317460316
244,C.J. Cron,MIN,122,58,47.540983606557376,65,53.278688524590166
763,Hunter Dozier,KC,139,57,41.007194244604314,87,62.589928057553955
647,Dansby Swanson,ATL,125,57,45.6,76,60.8
615,Corey Seager,LAD,132,57,43.18181818181818,74,56.060606060606055
284,Christian Vazquez,BOS,135,57,42.22222222222222,73,54.074074074074076
101,Alex Gordon,KC,150,56,37.333333333333336,94,62.66666666666667
14,Adam Jones,ARI,135,56,41.48148148148148,75,55.55555555555556
73,Nick Markakis,ATL,116,56,48.275862068965516,72,62.06896551724138
899,Ramon Laureano,OAK,119,56,47.05882352941176,67,56.30252100840336
43,Evan Longoria,SF,129,55,42.63565891472868,77,59.68992248062015
266,Jason Kipnis,CLE,121,55,45.45454545454545,69,57.02479338842975
25,Howie Kendrick,WSH,121,55,45.45454545454545,66,54.54545454545454
745,Oscar Mercado,CLE,112,55,49.107142857142854,66,58.92857142857143
99,Ryan Braun,MIL,144,54,37.5,76,52.77777777777778
270,James McCann,CWS,116,54,46.55172413793103,67,57.758620689655174
905,Shohei Ohtani,LAA,106,54,50.943396226415096,59,55.660377358490564
838,Victor Robles,WSH,154,53,34.41558441558442,94,61.038961038961034
117,Brandon Belt,SF,155,53,34.193548387096776,81,52.25806451612903
413,Colin Moran,PIT,145,53,36.55172413793103,78,53.79310344827586
526,Nick Ahmed,ARI,157,52,33.12101910828025,91,57.961783439490446
69,Todd Frazier,NYM,130,52,40.0,67,51.53846153846153
622,Nomar Mazara,TEX,116,52,44.827586206896555,64,55.172413793103445
369,Luke Voit,NYY,118,52,44.06779661016949,62,52.54237288135594
10,Robinson Cano,NYM,106,52,49.056603773584904,59,55.660377358490564
551,Joe Panik,NYM,140,51,36.42857142857142,79,56.42857142857143
57,Dexter Fowler,STL,148,51,34.45945945945946,74,50.0
847,Eloy Jimenez,CWS,121,51,42.14876033057851,68,56.19834710743802
168,Marwin Gonzalez,MIN,114,51,44.73684210526316,66,57.89473684210527
365,Kyle Seager,SEA,106,51,48.113207547169814,56,52.83018867924528
416,Joc Pederson,LAD,149,51,34.22818791946309,56,37.58389261744966
11,Edwin Encarnacion,NYY,109,51,46.788990825688074,47,43.11926605504588
950,Vladimir Guerrero Jr.,TOR,123,50,40.65040650406504,75,60.97560975609756
255,Robbie Grossman,OAK,134,50,37.3134328358209,73,54.47761194029851
783,Ryan McMahon,COL,140,50,35.714285714285715,71,50.71428571428571
932,Scott Kingery,PHI,125,50,40.0,71,56.8
394,Mark Canha,OAK,125,50,40.0,64,51.2
410,Aaron Judge,NYY,102,50,49.01960784313725,57,55.88235294117647
286,Kolten Wong,STL,145,49,33.793103448275865,87,60.0
243,Brandon Crawford,SF,146,49,33.56164383561644,78,53.42465753424658
313,Omar Narvaez,SEA,130,49,37.69230769230769,72,55.38461538461539
89,Buster Posey,SF,113,49,43.36283185840708,71,62.83185840707964
149,Khris Davis,OAK,133,49,36.84210526315789,66,49.62406015037594
326,Jonathan Schoop,MIN,119,49,41.17647058823529,65,54.621848739495796
817,Garrett Cooper,MIA,106,49,46.22641509433962,65,61.32075471698113
207,Eric Sogard,TB,109,49,44.95412844036697,64,58.71559633027523
481,Jurickson Profar,OAK,136,49,36.029411764705884,57,41.911764705882355
870,Rhys Hoskins,PHI,159,48,30.18867924528302,75,47.16981132075472
717,Harold Ramirez,MIA,118,48,40.67796610169492,74,62.71186440677966
107,Melky Cabrera,PIT,131,48,36.6412213740458,73,55.72519083969466
163,Daniel Murphy,COL,132,48,36.36363636363637,73,55.3030303030303
31,Ian Desmond,COL,140,48,34.285714285714285,65,46.42857142857143
510,Ji-Man Choi,TB,125,48,38.4,65,52.0
495,Rougned Odor,TEX,144,48,33.33333333333333,62,43.05555555555556
508,Maikel Franco,PHI,121,48,39.66942148760331,59,48.760330578512395
504,Gary Sanchez,NYY,106,48,45.28301886792453,51,48.113207547169814
846,Luis Arraez,MIN,90,47,52.22222222222223,68,75.55555555555556
320,Domingo Santana,SEA,121,47,38.84297520661157,65,53.71900826446281
480,Jorge Alfaro,MIA,128,47,36.71875,64,50.0
400,Brandon Drury,TOR,119,47,39.49579831932773,61,51.26050420168067
120,Justin Smoak,TOR,121,47,38.84297520661157,55,45.45454545454545
619,Jesse Winker,CIN,113,47,41.5929203539823,55,48.67256637168141
512,Jackie Bradley Jr.,BOS,144,46,31.944444444444443,68,47.22222222222222
570,Raimel Tapia,COL,138,45,32.608695652173914,78,56.52173913043478
96,Brett Gardner,NYY,138,45,32.608695652173914,72,52.17391304347826
61,Asdrubal Cabrera,WSH,131,45,34.35114503816794,69,52.67175572519084
661,David Dahl,COL,100,45,45.0,64,64.0
502,Daniel Vogelbach,SEA,144,45,31.25,53,36.80555555555556
718,Anthony Santander,BAL,93,45,48.38709677419355,51,54.83870967741935
475,Kevin Kiermaier,TB,127,44,34.645669291338585,71,55.90551181102362
567,Harold Castro,DET,94,44,46.808510638297875,63,67.02127659574468
889,Alex Verdugo,LAD,105,44,41.904761904761905,60,57.14285714285714
568,Orlando Arcia,MIL,148,43,29.054054054054053,74,50.0
428,Andrelton Simmons,LAA,103,43,41.74757281553398,69,66.99029126213593
405,Niko Goodrum,DET,112,43,38.392857142857146,66,58.92857142857143
633,Adalberto Mondesi,KC,102,43,42.15686274509804,62,60.78431372549019
794,Rowdy Tellez,TOR,111,43,38.73873873873874,55,49.549549549549546
850,Yandy Diaz,TB,79,43,54.43037974683544,46,58.22784810126582
341,Brian Goodwin,LAA,129,42,32.55813953488372,64,49.6124031007752
34,David Peralta,ARI,99,42,42.42424242424242,58,58.58585858585859
381,Mike Yastrzemski,SF,106,42,39.62264150943396,58,54.71698113207547
949,Fernando Tatis Jr.,SD,84,42,50.0,53,63.095238095238095
323,Yolmer Sanchez,CWS,147,41,27.89115646258503,85,57.82312925170068
283,Dee Gordon,SEA,111,41,36.93693693693694,71,63.96396396396396
302,Tony Wolters,COL,117,41,35.04273504273504,64,54.700854700854705
674,Christin Stewart,DET,104,41,39.42307692307692,56,53.84615384615385
305,Roberto Perez,CLE,117,41,35.04273504273504,54,46.15384615384615
186,Travis d'Arnaud,TB,102,41,40.19607843137255,53,51.9607843137255
983,Yordan Alvarez,HOU,87,41,47.12643678160919,49,56.32183908045977
516,Tommy La Stella,LAA,79,41,51.89873417721519,43,54.43037974683544
576,Jose Peraza,CIN,135,40,29.629629629629626,64,47.40740740740741
972,Tommy Edman,STL,92,40,43.47826086956522,55,59.78260869565217
767,Mitch Garver,MIN,90,40,44.44444444444444,40,44.44444444444444
29,Neil Walker,MIA,115,39,33.91304347826087,58,50.43478260869565
971,Nick Senzel,CIN,101,39,38.613861386138616,58,57.42574257425742
762,Brandon Dixon,DET,111,39,35.13513513513514,56,50.45045045045045
976,Keston Hiura,MIL,83,38,45.78313253012048,53,63.85542168674698
924,Brandon Lowe,TB,82,38,46.34146341463415,46,56.09756097560976
59,Hunter Pence,TEX,83,38,45.78313253012048,45,54.21686746987952
199,Mitch Moreland,BOS,91,38,41.75824175824176,44,48.35164835164835
376,Brian Dozier,WSH,134,37,27.611940298507463,57,42.53731343283582
382,Willson Contreras,CHC,100,37,37.0,56,56.00000000000001
497,Dwight Smith Jr,BAL,100,37,37.0,52,52.0
753,Jake Bauers,CLE,115,37,32.17391304347826,49,42.608695652173914
557,Mallex Smith,SEA,131,36,27.480916030534353,76,58.01526717557252
356,Wil Myers,SD,149,36,24.161073825503358,66,44.29530201342282
344,Enrique Hernandez,LAD,130,36,27.692307692307693,64,49.23076923076923
374,Matt Carpenter,STL,129,36,27.906976744186046,61,47.286821705426355
454,Miguel Sano,MIN,104,36,34.61538461538461,49,47.11538461538461
217,Wilmer Flores,ARI,89,36,40.44943820224719,48,53.93258426966292
755,Willie Calhoun,TEX,83,36,43.373493975903614,47,56.62650602409639
30,Kurt Suzuki,WSH,84,36,42.857142857142854,42,50.0
300,Rio Ruiz,BAL,121,35,28.92561983471074,63,52.066115702479344
980,Nicky Lopez,KC,102,35,34.31372549019608,63,61.76470588235294
649,Chris Taylor,LAD,122,35,28.688524590163933,60,49.18032786885246
162,Jarrod Dyson,ARI,119,35,29.411764705882355,59,49.57983193277311
143,Jose Martinez,STL,128,35,27.34375,58,45.3125
574,Teoscar Hernandez,TOR,122,35,28.688524590163933,56,45.90163934426229
361,Stephen Piscotty,OAK,93,35,37.634408602150536,55,59.13978494623656
855,Luis Rengifo,LAA,105,35,33.33333333333333,54,51.42857142857142
759,J.P. Crawford,SEA,92,35,38.04347826086957,50,54.347826086956516
362,A.J. Pollock,LAD,86,35,40.69767441860465,49,56.97674418604651
521,Jeimer Candelario,DET,93,35,37.634408602150536,40,43.01075268817204
650,Carlos Correa,HOU,75,35,46.666666666666664,40,53.333333333333336
880,Ryan O'Hearn,KC,103,35,33.980582524271846,38,36.89320388349515
299,Albert Almora Jr.,CHC,114,34,29.82456140350877,50,43.859649122807014
723,Cavan Biggio,TOR,100,34,34.0,46,46.0
955,Lourdes Gurriel Jr.,TOR,83,34,40.963855421686745,46,55.42168674698795
613,Carson Kelly,ARI,110,34,30.909090909090907,44,40.0
287,Didi Gregorius,NYY,81,34,41.9753086419753,40,49.382716049382715
747,Chad Pinder,OAK,119,33,27.73109243697479,53,44.537815126050425
698,Victor Reyes,DET,68,33,48.529411764705884,51,75.0
518,Pedro Severino,BAL,95,33,34.73684210526316,44,46.31578947368421
118,Yonder Alonso,COL,120,33,27.500000000000004,41,34.166666666666664
72,Robinson Chirinos,HOU,111,32,28.82882882882883,57,51.35135135135135
71,Martin Maldonado,HOU,101,32,31.683168316831683,49,48.51485148514851
108,Pablo Sandoval,SF,108,32,29.629629629629626,48,44.44444444444444
421,Hunter Renfroe,SD,138,32,23.18840579710145,46,33.33333333333333
824,Danny Jansen,TOR,106,32,30.18867924528302,46,43.39622641509434
311,Elias Diaz,PIT,98,31,31.63265306122449,52,53.06122448979592
357,Tyler Naquin,CLE,87,31,35.63218390804598,49,56.32183908045977
197,Jonathan Lucroy,CHC,94,31,32.97872340425532,46,48.93617021276596
215,Logan Forsythe,TEX,98,31,31.63265306122449,45,45.91836734693878
360,Josh Phegley,OAK,103,31,30.097087378640776,45,43.689320388349515
28,Brian McCann,ATL,85,31,36.470588235294116,42,49.411764705882355
536,Victor Caratini,CHC,95,31,32.631578947368425,41,43.15789473684211
915,Austin Riley,ATL,80,31,38.75,33,41.25
864,Michael Chavis,BOS,95,30,31.57894736842105,50,52.63157894736842
505,Cheslor Cuthbert,KC,87,30,34.48275862068966,48,55.172413793103445
666,Byron Buxton,MIN,78,30,38.46153846153847,46,58.97435897435898
116,Jordy Mercer,DET,73,30,41.0958904109589,45,61.64383561643836
253,Yan Gomes,WSH,97,30,30.927835051546392,43,44.329896907216494
327,Matt Adams,WSH,111,30,27.027027027027028,37,33.33333333333333
693,Manuel Margot,SD,148,29,19.594594594594593,63,42.567567567567565
209,Eric Thames,MIL,149,29,19.463087248322147,56,37.58389261744966
234,Tim Beckham,SEA,86,29,33.72093023255814,45,52.32558139534884
679,Joey Wendle,TB,69,29,42.028985507246375,36,52.17391304347826
90,Jay Bruce,PHI,98,29,29.591836734693878,32,32.6530612244898
342,Billy Hamilton,ATL,106,28,26.41509433962264,52,49.056603773584904
375,Corey Dickerson,PHI,76,28,36.84210526315789,44,57.89473684210527
464,Greg Garcia,SD,132,27,20.454545454545457,57,43.18181818181818
345,Brock Holt,BOS,86,27,31.3953488372093,53,61.627906976744185
84,Donovan Solano,SF,81,27,33.33333333333333,46,56.79012345679012
409,JaCoby Jones,DET,86,27,31.3953488372093,45,52.32558139534884
595,Matt Beaty,LAD,98,27,27.55102040816326,44,44.89795918367347
39,Martin Prado,MIA,104,27,25.961538461538463,42,40.38461538461539
620,Dawel Lugo,DET,74,27,36.486486486486484,42,56.75675675675676
235,Jon Berti,MIA,72,27,37.5,40,55.55555555555556
205,Austin Romine,NYY,69,27,39.130434782608695,37,53.62318840579711
231,Jesus Aguilar,TB,131,26,19.84732824427481,52,39.69465648854962
716,David Bote,CHC,115,26,22.608695652173914,50,43.47826086956522
832,Mike Tauchman,NYY,84,26,30.952380952380953,42,50.0
58,Tyler Flowers,ATL,82,26,31.70731707317073,41,50.0
314,Willians Astudillo,MIN,58,26,44.827586206896555,35,60.3448275862069
593,Kevan Smith,LAA,58,26,44.827586206896555,32,55.172413793103445
399,Delino DeShields,TEX,105,25,23.809523809523807,59,56.19047619047619
435,Stevie Wilkerson,BAL,104,25,24.03846153846154,49,47.11538461538461
389,Jose Osuna,PIT,95,25,26.31578947368421,44,46.31578947368421
927,Harrison Bader,STL,126,25,19.841269841269842,43,34.12698412698413
260,John Hicks,DET,93,25,26.881720430107524,40,43.01075268817204
624,Ronald Guzman,TEX,84,25,29.761904761904763,36,42.857142857142854
144,Ehire Adrianza,MIN,75,25,33.33333333333333,34,45.33333333333333
743,Clint Frazier,NYY,67,25,37.3134328358209,34,50.74626865671642
129,Jason Castro,MIN,75,25,33.33333333333333,33,44.0
343,Mitch Haniger,SEA,62,25,40.32258064516129,30,48.38709677419355
488,Austin Hedges,SD,102,25,24.509803921568626,30,29.411764705882355
330,Tucker Barnhart,CIN,114,24,21.052631578947366,47,41.228070175438596
841,Josh Naylor,SD,94,24,25.53191489361702,42,44.680851063829785
210,Stephen Vogt,SF,97,24,24.742268041237114,40,41.23711340206185
18,Curtis Granderson,MIA,135,24,17.77777777777778,39,28.888888888888886
669,Steven Duggar,SF,72,24,33.33333333333333,39,54.166666666666664
844,Aledmys Diaz,HOU,68,24,35.294117647058826,35,51.470588235294116
953,Bo Bichette,TOR,46,24,52.17391304347826,32,69.56521739130434
112,Gerardo Parra,WSH,119,23,19.327731092436977,42,35.294117647058826
858,Greg Allen,CLE,80,23,28.749999999999996,36,45.0
85,Andrew McCutchen,PHI,59,23,38.983050847457626,34,57.6271186440678
77,Welington Castillo,CWS,71,23,32.3943661971831,30,42.25352112676056
371,Mike Zunino,TB,84,23,27.380952380952383,29,34.523809523809526
87,Cameron Maybin,NYY,78,22,28.205128205128204,41,52.56410256410257
874,Jordan Luplow,CLE,82,22,26.82926829268293,36,43.90243902439025
15,Russell Martin,LAD,81,22,27.160493827160494,31,38.2716049382716
387,Adeiny Hechavarria,ATL,80,22,27.500000000000004,29,36.25
572,Aristides Aquino,CIN,56,22,39.285714285714285,29,51.78571428571429
402,Ben Gamel,MIL,125,21,16.8,50,40.0
138,Ronny Rodriguez,DET,84,21,25.0,36,42.857142857142854
614,Addison Russell,CHC,76,21,27.631578947368425,33,43.42105263157895
609,Joey Gallo,TEX,70,21,30.0,29,41.42857142857143
86,Justin Upton,LAA,63,21,33.33333333333333,28,44.44444444444444
770,Garrett Hampson,COL,101,20,19.801980198019802,50,49.504950495049506
623,Tom Murphy,SEA,74,20,27.027027027027028,44,59.45945945945946
801,Francisco Mejia,SD,77,20,25.97402597402597,38,49.35064935064935
697,Johan Camargo,ATL,95,20,21.052631578947366,37,38.94736842105263
395,Curt Casali,CIN,81,20,24.691358024691358,36,44.44444444444444
486,Jake Cave,MIN,67,20,29.850746268656714,32,47.76119402985074
294,Jake Marisnick,HOU,104,19,18.269230769230766,43,41.34615384615385
797,Josh VanMeter,CIN,93,19,20.43010752688172,38,40.86021505376344
27,Ian Kinsler,SD,87,19,21.839080459770116,36,41.37931034482759
224,Hernan Perez,MIL,86,19,22.093023255813954,35,40.69767441860465
137,Gordon Beckham,DET,72,19,26.38888888888889,34,47.22222222222222
51,Chris Davis,BAL,100,19,19.0,33,33.0
259,Aaron Hicks,NYY,58,19,32.758620689655174,32,55.172413793103445
736,Guillermo Heredia,TB,76,19,25.0,31,40.78947368421053
782,Billy McKinney,TOR,82,19,23.170731707317074,31,37.80487804878049
583,Brandon Nimmo,NYM,68,19,27.941176470588236,27,39.705882352941174
24,Kendrys Morales,NYY,53,19,35.84905660377358,23,43.39622641509434
826,Isiah Kiner-Falefa,TEX,60,18,30.0,39,65.0
275,Austin Nola,SEA,69,18,26.08695652173913,38,55.072463768115945
602,Jacob Stallings,PIT,70,18,25.71428571428571,38,54.285714285714285
291,Ildemaro Vargas,ARI,81,18,22.22222222222222,35,43.20987654320987
36,Jon Jay,CWS,46,18,39.130434782608695,30,65.21739130434783
247,Alex Dickerson,SF,68,18,26.47058823529412,28,41.17647058823529
687,Matt Duffy,TB,44,18,40.909090909090914,26,59.09090909090909
280,Travis Shaw,MIL,84,18,21.428571428571427,23,27.380952380952383
407,Ryon Healy,SEA,46,18,39.130434782608695,23,50.0
742,Phillip Ervin,CIN,92,17,18.478260869565215,41,44.565217391304344
867,Adam Haseley,PHI,66,17,25.757575757575758,38,57.57575757575758
938,Dylan Moore,SEA,90,17,18.88888888888889,35,38.88888888888889
121,Ryan Zimmerman,WSH,52,17,32.69230769230769,29,55.769230769230774
188,Derek Dietrich,CIN,110,17,15.454545454545453,23,20.909090909090907
839,Mike Ford,NYY,50,17,34.0,22,44.0
41,Matt Wieters,STL,64,17,26.5625,20,31.25
125,Alex Avila,ARI,62,17,27.419354838709676,19,30.64516129032258
646,Richie Martin,BAL,98,16,16.3265306122449,41,41.83673469387755
825,Tony Kemp,CHC,108,16,14.814814814814813,38,35.18518518518518
146,Juan Lagares,NYM,102,16,15.686274509803921,34,33.33333333333333
528,Austin Barnes,LAD,74,16,21.62162162162162,31,41.891891891891895
667,Lewis Brinson,MIA,73,16,21.91780821917808,30,41.0958904109589
79,Eduardo Nunez,BOS,57,16,28.07017543859649,28,49.122807017543856
681,Austin Dean,MIA,63,16,25.396825396825395,27,42.857142857142854
559,Bubba Starling,KC,53,16,30.18867924528302,26,49.056603773584904
761,Travis Demeritte,DET,48,16,33.33333333333333,26,54.166666666666664
319,Gregory Polanco,PIT,42,16,38.095238095238095,24,57.14285714285714
921,Nate Lowe,TB,49,16,32.6530612244898,21,42.857142857142854
256,Josh Harrison,DET,34,16,47.05882352941176,18,52.94117647058824
97,Matt Joyce,ATL,127,15,11.811023622047244,41,32.28346456692913
777,Tim Locastro,ARI,82,15,18.29268292682927,41,50.0
225,Ender Inciarte,ATL,62,15,24.193548387096776,34,54.83870967741935
845,Luis Urias,SD,69,15,21.73913043478261,33,47.82608695652174
833,Tyler White,LAD,80,15,18.75,32,40.0
4,Jeff Mathis,TEX,75,15,20.0,29,38.666666666666664
923,Ty France,SD,69,15,21.73913043478261,29,42.028985507246375
496,Austin Slater,SF,67,15,22.388059701492537,26,38.80597014925373
628,Kevin Plawecki,CLE,54,15,27.77777777777778,26,48.148148148148145
973,Nick Solak,TEX,33,15,45.45454545454545,20,60.60606060606061
737,Jung Ho Kang,PIT,65,15,23.076923076923077,19,29.230769230769234
765,Adam Engel,CWS,78,14,17.94871794871795,38,48.717948717948715
644,Daniel Robertson,TB,72,14,19.444444444444446,36,50.0
148,David Freese,LAD,78,14,17.94871794871795,35,44.871794871794876
792,Dominic Smith,NYM,82,14,17.073170731707318,30,36.58536585365854
337,Kyle Farmer,CIN,92,14,15.217391304347828,29,31.521739130434785
347,Jake Lamb,ARI,78,14,17.94871794871795,27,34.61538461538461
55,Ben Zobrist,CHC,47,14,29.78723404255319,26,55.319148936170215
35,Manny Pina,MIL,72,14,19.444444444444446,24,33.33333333333333
827,Shed Long,SEA,42,14,33.33333333333333,23,54.761904761904766
974,Will Smith,LAD,54,14,25.925925925925924,23,42.592592592592595
727,Jose Trevino,TEX,35,14,40.0,22,62.857142857142854
791,Chance Sisco,BAL,56,14,25.0,22,39.285714285714285
340,Scooter Gennett,SF,42,14,33.33333333333333,21,50.0
758,Ryan Cordell,CWS,81,13,16.049382716049383,33,40.74074074074074
688,Yairo Munoz,STL,81,13,16.049382716049383,32,39.50617283950617
308,Leonys Martin,CLE,65,13,20.0,27,41.53846153846154
787,Tyler O'Neill,STL,56,13,23.214285714285715,26,46.42857142857143
795,Matt Thaiss,LAA,52,13,25.0,21,40.38461538461539
819,Mauricio Dubon,SF,30,13,43.333333333333336,18,60.0
581,Grayson Greiner,DET,58,12,20.689655172413794,26,44.827586206896555
984,Michael Brosseau,TB,46,12,26.08695652173913,26,56.52173913043478
888,Cole Tucker,PIT,56,12,21.428571428571427,25,44.642857142857146
459,Wilmer Difo,WSH,42,12,28.57142857142857,24,57.14285714285714
561,Charlie Tilson,CWS,47,12,25.53191489361702,23,48.93617021276596
70,Chris Iannetta,COL,52,12,23.076923076923077,21,40.38461538461539
487,Cam Gallagher,KC,42,12,28.57142857142857,21,50.0
917,Trent Grisham,MIL,51,12,23.52941176470588,20,39.21568627450981
865,Isan Diaz,MIA,49,12,24.489795918367346,19,38.775510204081634
913,Nico Hoerner,CHC,20,12,60.0,14,70.0
44,Zack Cozart,LAA,33,12,36.36363636363637,10,30.303030303030305
238,Keon Broxton,SEA,75,11,14.666666666666666,24,32.0
272,Brad Miller,PHI,78,11,14.102564102564102,23,29.48717948717949
219,Cesar Puello,MIA,43,11,25.581395348837212,20,46.51162790697674
603,Sam Travis,BOS,56,11,19.642857142857142,19,33.92857142857143
673,Tomas Nido,NYM,46,11,23.91304347826087,17,36.95652173913043
332,Justin Bour,LAA,51,11,21.568627450980394,16,31.372549019607842
728,Reese McGuire,TOR,29,11,37.93103448275862,16,55.172413793103445
541,Derek Fisher,TOR,49,11,22.448979591836736,15,30.612244897959183
584,Jace Peterson,BAL,29,11,37.93103448275862,15,51.724137931034484
671,DJ Stewart,BAL,42,11,26.190476190476193,15,35.714285714285715
161,Mike Freeman,CLE,70,10,14.285714285714285,34,48.57142857142857
321,Erik Gonzalez,PIT,49,10,20.408163265306122,29,59.183673469387756
922,Ian Happ,CHC,57,10,17.543859649122805,23,40.35087719298245
525,Jose Rondon,BAL,55,10,18.181818181818183,22,40.0
965,Josh Rojas,ARI,41,10,24.390243902439025,22,53.65853658536586
106,Francisco Cervelli,ATL,48,10,20.833333333333336,20,41.66666666666667
171,Sandy Leon,BOS,60,10,16.666666666666664,20,33.33333333333333
297,Odubel Herrera,PHI,39,10,25.64102564102564,19,48.717948717948715
828,Ryan McBroom,KC,23,10,43.47826086956522,16,69.56521739130434
348,Luke Maile,TOR,41,10,24.390243902439025,14,34.146341463414636
604,Mac Williamson,SEA,38,10,26.31578947368421,14,36.84210526315789
952,Gavin Lux,LAD,23,10,43.47826086956522,12,52.17391304347826
446,Marco Hernandez,BOS,55,9,16.363636363636363,27,49.09090909090909
373,Ryan Goins,CWS,51,9,17.647058823529413,25,49.01960784313725
520,Humberto Arteaga,KC,39,9,23.076923076923077,21,53.84615384615385
941,Myles Straw,HOU,46,9,19.565217391304348,21,45.65217391304348
358,Chris Owings,BOS,57,9,15.789473684210526,19,33.33333333333333
477,JT Riddle,MIA,49,9,18.367346938775512,19,38.775510204081634
222,Wilfredo Tovar,LAA,26,9,34.61538461538461,12,46.15384615384615
295,Max Stassi,LAA,49,9,18.367346938775512,12,24.489795918367346
40,Lucas Duda,KC,38,9,23.684210526315788,11,28.947368421052634
139,Yangervis Solarte,SF,27,9,33.33333333333333,11,40.74074074074074
868,Sam Hilliard,COL,26,9,34.61538461538461,11,42.30769230769231
978,Austin Hays,BAL,19,9,47.368421052631575,10,52.63157894736842
250,Tim Federowicz,TEX,26,9,34.61538461538461,7,26.923076923076923
187,Daniel Descalso,CHC,79,8,10.126582278481013,20,25.31645569620253
114,Carlos Gonzalez,CHC,45,8,17.77777777777778,19,42.22222222222222
462,Adam Duvall,ATL,41,8,19.51219512195122,18,43.90243902439025
524,Yonathan Daza,COL,42,8,19.047619047619047,16,38.095238095238095
760,Jonathan Davis,TOR,29,8,27.586206896551722,12,41.37931034482759
258,Chris Herrmann,OAK,28,8,28.57142857142857,11,39.285714285714285
208,Giancarlo Stanton,NYY,18,8,44.44444444444444,10,55.55555555555556
776,Kyle Lewis,SEA,18,8,44.44444444444444,9,50.0
538,Kevin Cron,ARI,38,8,21.052631578947366,8,21.052631578947366
364,Joey Rickard,SF,63,7,11.11111111111111,26,41.269841269841265
476,Andrew Knapp,PHI,73,7,9.58904109589041,25,34.24657534246575
408,Bryan Holaday,MIA,41,7,17.073170731707318,24,58.536585365853654
851,Meibrys Viloria,KC,41,7,17.073170731707318,23,56.09756097560976
392,Tyler Austin,MIL,89,7,7.865168539325842,20,22.47191011235955
558,Cory Spangenberg,MIL,31,7,22.58064516129032,18,58.06451612903226
849,Willi Castro,DET,29,7,24.137931034482758,17,58.620689655172406
50,Mark Reynolds,COL,78,7,8.974358974358974,16,20.51282051282051
548,Nick Martini,SD,32,7,21.875,15,46.875
228,Rafael Ortega,ATL,34,7,20.588235294117645,13,38.23529411764706
618,Nick Williams,PHI,64,7,10.9375,12,18.75
948,Jared Walsh,LAA,30,7,23.333333333333332,12,40.0
757,Zack Collins,CWS,27,7,25.925925925925924,9,33.33333333333333
970,Sean Murphy,OAK,19,7,36.84210526315789,6,31.57894736842105
645,Tim Lopes,SEA,39,6,15.384615384615385,24,61.53846153846154
368,Michael A. Taylor,WSH,42,6,14.285714285714285,16,38.095238095238095
81,Steve Pearce,BOS,29,6,20.689655172413794,13,44.827586206896555
377,Dustin Garneau,OAK,31,6,19.35483870967742,13,41.935483870967744
102,Carlos Gomez,NYM,30,6,20.0,12,40.0
489,Scott Heineman,TEX,22,6,27.27272727272727,11,50.0
814,Austin Wynns,BAL,24,6,25.0,11,45.83333333333333
843,Abraham Toro,HOU,25,6,24.0,11,44.0
134,Jesus Sucre,BAL,20,6,30.0,9,45.0
501,Blake Swihart,ARI,43,6,13.953488372093023,9,20.930232558139537
812,Thairo Estrada,NYY,25,6,24.0,9,36.0
835,Yu Chang,CLE,27,6,22.22222222222222,9,33.33333333333333
916,Kyle Tucker,HOU,22,6,27.27272727272727,9,40.909090909090914
785,Sheldon Neuse,OAK,19,6,31.57894736842105,8,42.10526315789473
509,Robel Garcia,CHC,28,6,21.428571428571427,7,25.0
185,Charlie Culberson,ATL,91,5,5.4945054945054945,23,25.274725274725274
695,Pablo Reyes,PIT,68,5,7.352941176470589,21,30.88235294117647
46,Sean Rodriguez,PHI,68,5,7.352941176470589,18,26.47058823529412
556,Matt Skole,CWS,27,5,18.51851851851852,14,51.85185185185185
811,Kelvin Gutierrez,KC,20,5,25.0,13,65.0
946,Seth Brown,OAK,26,5,19.230769230769234,13,50.0
301,Nicky Delmonico,CWS,21,5,23.809523809523807,11,52.38095238095239
98,Nick Hundley,OAK,26,5,19.230769230769234,10,38.46153846153847
478,Chad Wallach,MIA,19,5,26.31578947368421,9,47.368421052631575
252,Isaac Galloway,MIA,18,5,27.77777777777778,8,44.44444444444444
942,LaMonte Wade Jr,MIN,25,5,20.0,8,32.0
133,Gorkys Hernandez,BOS,18,5,27.77777777777778,7,38.88888888888889
191,Jake Elmore,PIT,20,5,25.0,7,35.0
379,Tyler Saladino,MIL,27,5,18.51851851851852,6,22.22222222222222
722,Christian Arroyo,TB,16,5,31.25,6,37.5
507,Roman Quinn,PHI,40,4,10.0,14,35.0
642,Richard Urena,TOR,28,4,14.285714285714285,14,50.0
383,Jedd Gyorko,LAD,58,4,6.896551724137931,11,18.96551724137931
735,Kenta Maeda,LAD,30,4,13.333333333333334,11,36.666666666666664
8,Zack Greinke,HOU,25,4,16.0,10,40.0
103,Matt Kemp,CIN,20,4,20.0,10,50.0
290,Stephen Strasburg,WSH,33,4,12.121212121212121,10,30.303030303030305
317,Zack Wheeler,NYM,28,4,14.285714285714285,10,35.714285714285715
265,Corban Joseph,PIT,28,4,14.285714285714285,9,32.142857142857146
281,JB Shuck,PIT,25,4,16.0,9,36.0
780,Jason Martin,PIT,16,4,25.0,8,50.0
22,Hanley Ramirez,CLE,16,4,25.0,7,43.75
100,Drew Butera,COL,15,4,26.666666666666668,6,40.0
500,Garrett Stubbs,HOU,15,4,26.666666666666668,6,40.0
436,Mason Williams,BAL,11,4,36.36363636363637,5,45.45454545454545
627,Jack Mayfield,HOU,23,4,17.391304347826086,5,21.73913043478261
468,Daniel Palka,CWS,30,4,13.333333333333334,4,13.333333333333334
456,Rosell Herrera,MIA,53,3,5.660377358490567,16,30.18867924528302
466,Phil Gosselin,PHI,42,3,7.142857142857142,15,35.714285714285715
769,Luis Guillorme,NYM,41,3,7.317073170731707,13,31.70731707317073
816,Steven Brault,PIT,29,3,10.344827586206897,12,41.37931034482759
933,Austin Allen,SD,32,3,9.375,12,37.5
351,Steven Matz,NYM,31,3,9.67741935483871,11,35.483870967741936
543,Terrance Gore,KC,19,3,15.789473684210526,11,57.89473684210527
461,Jacob deGrom,NYM,31,3,9.67741935483871,10,32.25806451612903
607,Max Fried,ATL,31,3,9.67741935483871,10,32.25806451612903
621,German Marquez,COL,24,3,12.5,10,41.66666666666667
796,Pat Valaika,COL,38,3,7.894736842105263,10,26.31578947368421
390,Breyvic Valera,TOR,15,3,20.0,9,60.0
565,Brandon Woodruff,MIL,23,3,13.043478260869565,9,39.130434782608695
261,Kyle Higashioka,NYY,16,3,18.75,8,50.0
670,Edwin Rios,LAD,27,3,11.11111111111111,8,29.629629629629626
945,Danny Mendick,CWS,13,3,23.076923076923077,8,61.53846153846154
959,Jake Rogers,DET,35,3,8.571428571428571,8,22.857142857142858
264,Caleb Joseph,ARI,18,3,16.666666666666664,7,38.88888888888889
307,Hyun-Jin Ryu,LAD,28,3,10.714285714285714,7,25.0
451,Alen Hanson,TOR,16,3,18.75,7,43.75
472,Scott Schebler,CIN,30,3,10.0,7,23.333333333333332
491,Kevin Kramer,PIT,22,3,13.636363636363635,7,31.818181818181817
947,Nick Dini,KC,19,3,15.789473684210526,7,36.84210526315789
514,Peter O'Brien,MIA,14,3,21.428571428571427,6,42.857142857142854
860,Bobby Bradley,CLE,15,3,20.0,6,40.0
33,Mark Trumbo,BAL,12,3,25.0,5,41.66666666666667
355,John Ryan Murphy,ATL,26,3,11.538461538461538,5,19.230769230769234
485,Greg Bird,NYY,10,3,30.0,5,50.0
640,Franklin Barreto,OAK,20,3,15.0,5,25.0
877,Cedric Mullins,BAL,21,3,14.285714285714285,5,23.809523809523807
147,Abraham Almonte,ARI,16,3,18.75,4,25.0
784,Ian Miller,MIN,7,3,42.857142857142854,2,28.57142857142857
954,Carter Kieboom,WSH,11,3,27.27272727272727,2,18.181818181818183
798,Tyler Wade,NYY,38,2,5.263157894736842,16,42.10526315789473
156,Kristopher Negron,LAD,35,2,5.714285714285714,15,42.857142857142854
919,Brendan Rodgers,COL,25,2,8.0,13,52.0
866,Jack Flaherty,STL,30,2,6.666666666666667,10,33.33333333333333
422,Yadiel Rivera,MIA,31,2,6.451612903225806,9,29.03225806451613
552,Michael Perez,TB,18,2,11.11111111111111,9,50.0
429,Caleb Smith,MIA,26,2,7.6923076923076925,8,30.76923076923077
746,Dustin Peterson,DET,12,2,16.666666666666664,8,66.66666666666666
67,Jake Arrieta,PHI,23,2,8.695652173913043,7,30.434782608695656
596,Alex Blandino,CIN,21,2,9.523809523809524,7,33.33333333333333
893,Mark Zagunis,CHC,28,2,7.142857142857142,7,25.0
900,Josh Fuentes,COL,23,2,8.695652173913043,7,30.434782608695656
914,Peter Lambert,COL,19,2,10.526315789473683,7,36.84210526315789
939,Kyle Garlick,LAD,29,2,6.896551724137931,7,24.137931034482758
220,Julio Teheran,ATL,32,2,6.25,6,18.75
418,Rangel Ravelo,STL,28,2,7.142857142857142,6,21.428571428571427
438,Trevor Williams,PIT,22,2,9.090909090909092,6,27.27272727272727
550,Aaron Nola,PHI,32,2,6.25,6,18.75
634,Miguel Andujar,NYY,12,2,16.666666666666664,6,50.0
672,Taylor Ward,LAA,17,2,11.76470588235294,6,35.294117647058826
886,Lane Thomas,STL,26,2,7.6923076923076925,6,23.076923076923077
925,Jaylin Davis,SF,17,2,11.76470588235294,6,35.294117647058826
23,Anibal Sanchez,WSH,27,2,7.4074074074074066,5,18.51851851851852
676,Anthony Bemboom,LAA,22,2,9.090909090909092,5,22.727272727272727
691,Luis Castillo,CIN,31,2,6.451612903225806,5,16.129032258064516
766,Jake Fraley,SEA,11,2,18.181818181818183,5,45.45454545454545
813,Domingo Leyba,ARI,20,2,10.0,5,25.0
13,Cole Hamels,CHC,23,2,8.695652173913043,4,17.391304347826086
78,Erik Kratz,TB,19,2,10.526315789473683,4,21.052631578947366
135,Juan Graterol,CIN,6,2,33.33333333333333,4,66.66666666666666
229,Cristhian Adames,SF,9,2,22.22222222222222,4,44.44444444444444
419,Robbie Ray,ARI,30,2,6.666666666666667,4,13.333333333333334
447,Jorge Bonifacio,KC,5,2,40.0,4,80.0
542,Aramis Garcia,SF,17,2,11.76470588235294,4,23.52941176470588
729,Dom Nunez,COL,15,2,13.333333333333334,4,26.666666666666668
895,Brian O'Grady,CIN,27,2,7.4074074074074066,4,14.814814814814813
119,Ryan Flaherty,CLE,8,2,25.0,3,37.5
126,Peter Bourjos,LAA,16,2,12.5,3,18.75
221,Ryan LaMarre,MIN,12,2,16.666666666666664,3,25.0
398,Kaleb Cowart,LAA,8,2,25.0,3,37.5
432,Noah Syndergaard,NYM,30,2,6.666666666666667,3,10.0
450,Socrates Brito,TOR,14,2,14.285714285714285,3,21.428571428571427
579,Ryan Court,SEA,10,2,20.0,3,30.0
637,Franchy Cordero,SD,9,2,22.22222222222222,3,33.33333333333333
678,Max Moroff,CLE,15,2,13.333333333333334,3,20.0
6,Rene Rivera,NYM,8,2,25.0,2,25.0
74,Dustin Pedroia,BOS,6,2,33.33333333333333,2,33.33333333333333
245,Taylor Davis,CHC,7,2,28.57142857142857,2,28.57142857142857
267,Ryan Lavarnway,CIN,5,2,40.0,2,40.0
592,Beau Taylor,OAK,11,2,18.181818181818183,2,18.181818181818183
66,Max Scherzer,WSH,27,1,3.7037037037037033,9,33.33333333333333
803,Magneuris Sierra,MIA,13,1,7.6923076923076925,9,69.23076923076923
963,Andrew Knizner,STL,17,1,5.88235294117647,9,52.94117647058824
60,Jon Lester,CHC,28,1,3.571428571428571,8,28.57142857142857
303,Michael Lorenzen,CIN,28,1,3.571428571428571,8,28.57142857142857
7,Adam Wainwright,STL,29,1,3.4482758620689653,7,24.137931034482758
549,Joe Musgrove,PIT,33,1,3.0303030303030303,7,21.21212121212121
653,Zach Eflin,PHI,28,1,3.571428571428571,7,25.0
181,Madison Bumgarner,SF,35,1,2.857142857142857,6,17.142857142857142
246,Anthony DeSclafani,CIN,30,1,3.3333333333333335,6,20.0
257,Kyle Hendricks,CHC,29,1,3.4482758620689653,6,20.689655172413794
434,Vince Velasquez,PHI,22,1,4.545454545454546,6,27.27272727272727
664,Brett Phillips,KC,26,1,3.8461538461538463,6,23.076923076923077
750,Pablo Lopez,MIA,21,1,4.761904761904762,6,28.57142857142857
124,Clayton Kershaw,LAD,27,1,3.7037037037037033,5,18.51851851851852
141,Jose Quintana,CHC,31,1,3.225806451612903,5,16.129032258064516
335,Patrick Corbin,WSH,31,1,3.225806451612903,5,16.129032258064516
554,Dereck Rodriguez,SF,17,1,5.88235294117647,5,29.411764705882355
662,Matt Strahm,SD,16,1,6.25,5,31.25
733,Erick Mejia,KC,9,1,11.11111111111111,5,55.55555555555556
26,Bobby Wilson,DET,15,1,6.666666666666667,4,26.666666666666668
131,Logan Morrison,PHI,29,1,3.4482758620689653,4,13.793103448275861
170,Yu Darvish,CHC,30,1,3.3333333333333335,4,13.333333333333334
268,Jordan Lyles,MIL,24,1,4.166666666666666,4,16.666666666666664
278,Tanner Roark,CIN,19,1,5.263157894736842,4,21.052631578947366
298,Anthony Alford,TOR,13,1,7.6923076923076925,4,30.76923076923077
328,Aaron Altherr,NYM,40,1,2.5,4,10.0
589,AJ Reed,CWS,14,1,7.142857142857142,4,28.57142857142857
654,Walker Buehler,LAD,29,1,3.4482758620689653,4,13.793103448275861
677,Patrick Wisdom,TEX,9,1,11.11111111111111,4,44.44444444444444
707,Seth Mejias-Brean,SD,14,1,7.142857142857142,4,28.57142857142857
711,Braden Bishop,SEA,21,1,4.761904761904762,4,19.047619047619047
771,Michael Hermosillo,LAA,13,1,7.6923076923076925,4,30.76923076923077
772,Dakota Hudson,STL,28,1,3.571428571428571,4,14.285714285714285
842,Mike Soroka,ATL,27,1,3.7037037037037033,4,14.814814814814813
869,Jeff Hoffman,COL,15,1,6.666666666666667,4,26.666666666666668
957,Randy Arozarena,STL,12,1,8.333333333333332,4,33.33333333333333
152,Chris Archer,PIT,21,1,4.761904761904762,3,14.285714285714285
406,Jon Gray,COL,26,1,3.8461538461538463,3,11.538461538461538
484,Tyler Beede,SF,25,1,4.0,3,12.0
641,Luis Torrens,SD,7,1,14.285714285714285,3,42.857142857142854
665,Tyrone Taylor,MIL,8,1,12.5,3,37.5
800,Kean Wong,LAA,6,1,16.666666666666664,3,50.0
903,Dinelson Lamet,SD,13,1,7.6923076923076925,3,23.076923076923077
113,Jhoulys Chacin,MIL,18,1,5.555555555555555,2,11.11111111111111
115,Brett Anderson,OAK,3,1,33.33333333333333,2,66.66666666666666
164,Rocky Gale,LAD,5,1,20.0,2,40.0
182,Juan Centeno,BOS,7,1,14.285714285714285,2,28.57142857142857
271,Tim Melville,COL,6,1,16.666666666666664,2,33.33333333333333
629,Eric Stamets,CLE,14,1,7.142857142857142,2,14.285714285714285
706,Tyler Heineman,MIA,5,1,20.0,2,40.0
807,Dario Agrazal,PIT,13,1,7.6923076923076925,2,15.384615384615385
961,Zac Gallen,ARI,14,1,7.142857142857142,2,14.285714285714285
62,Troy Tulowitzki,NYY,5,1,20.0,1,20.0
82,Homer Bailey,OAK,3,1,33.33333333333333,1,33.33333333333333
195,Merrill Kelly,ARI,29,1,3.4482758620689653,1,3.4482758620689653
380,Marcus Stroman,NYM,12,1,8.333333333333332,1,8.333333333333332
503,Luke Weaver,ARI,11,1,9.090909090909092,1,9.090909090909092
517,Raudy Read,WSH,5,1,20.0,1,20.0
643,Deivy Grullon,PHI,4,1,25.0,1,25.0
655,Walker Lockett,NYM,4,1,25.0,1,25.0
668,Skye Bolt,OAK,5,1,20.0,1,20.0
684,Alex Wood,CIN,7,1,14.285714285714285,1,14.285714285714285
751,Shaun Anderson,SF,15,1,6.666666666666667,1,6.666666666666667
802,Gregory Soto,DET,1,1,100.0,1,100.0
831,Frank Schwindel,KC,6,1,16.666666666666664,1,16.666666666666664
909,Trent Thornton,TOR,1,1,100.0,1,100.0
276,Jake Odorizzi,MIN,2,1,50.0,0,0.0
582,Eric Haase,CLE,8,1,12.5,0,0.0
928,Andrew Stevenson,WSH,29,0,0.0,11,37.93103448275862
352,Miles Mikolas,STL,31,0,0.0,8,25.806451612903224
172,Adrian Sanchez,WSH,24,0,0.0,7,29.166666666666668
254,Sonny Gray,CIN,28,0,0.0,7,25.0
539,Zach Davies,MIL,31,0,0.0,7,22.58064516129032
157,Jeff Samardzija,SF,29,0,0.0,6,20.689655172413794
378,Dallas Keuchel,ATL,19,0,0.0,5,26.31578947368421
617,Michael Wacha,STL,22,0,0.0,5,22.727272727272727
836,Sandy Alcantara,MIA,31,0,0.0,5,16.129032258064516
920,Chris Paddack,SD,24,0,0.0,5,20.833333333333336
21,Rajai Davis,NYM,21,0,0.0,4,19.047619047619047
165,Chase Anderson,MIL,27,0,0.0,4,14.814814814814813
626,Travis Jankowski,SD,16,0,0.0,4,25.0
775,Eric Lauer,SD,28,0,0.0,4,14.285714285714285
931,Tony Gonsolin,LAD,8,0,0.0,4,50.0
936,Taylor Clarke,ARI,15,0,0.0,4,26.666666666666668
48,Rich Hill,LAD,10,0,0.0,3,30.0
54,Jason Vargas,PHI,24,0,0.0,3,12.5
179,Jose Pirela,PHI,14,0,0.0,3,21.428571428571427
184,Christian Colon,CIN,8,0,0.0,3,37.5
240,Tyler Chatwood,CHC,16,0,0.0,3,18.75
292,Trevor Bauer,CIN,11,0,0.0,3,27.27272727272727
388,Ronald Torreyes,MIN,7,0,0.0,3,42.857142857142854
690,Donnie Walton,SEA,6,0,0.0,3,50.0
720,Tzu-Wei Lin,BOS,8,0,0.0,3,37.5
739,Julio Urias,LAD,14,0,0.0,3,21.428571428571427
934,Joey Lucchesi,SD,28,0,0.0,3,10.714285714285714
985,Trevor Richards,MIA,19,0,0.0,3,15.789473684210526
989,Nick Margevicius,SD,12,0,0.0,3,25.0
310,Ross Stripling,LAD,14,0,0.0,2,14.285714285714285
331,Steven Baron,PIT,6,0,0.0,2,33.33333333333333
401,Mike Foltynewicz,ATL,19,0,0.0,2,10.526315789473683
433,Jameson Taillon,PIT,5,0,0.0,2,40.0
523,Nick Pivetta,PHI,14,0,0.0,2,14.285714285714285
555,Joe Ross,WSH,11,0,0.0,2,18.181818181818183
586,Erick Fedde,WSH,12,0,0.0,2,16.666666666666664
597,Kyle Freeland,COL,18,0,0.0,2,11.11111111111111
639,Cal Quantrill,SD,18,0,0.0,2,11.11111111111111
709,Andrew Velazquez,CLE,12,0,0.0,2,16.666666666666664
710,Abiatal Avelino,SF,4,0,0.0,2,50.0
732,Edmundo Sosa,STL,7,0,0.0,2,28.57142857142857
778,Tyler Mahle,CIN,21,0,0.0,2,9.523809523809524
805,Freddy Peralta,MIL,10,0,0.0,2,20.0
821,Zack Godley,TOR,14,0,0.0,2,14.285714285714285
876,Alex McRae,PIT,6,0,0.0,2,33.33333333333333
966,Bryse Wilson,ATL,5,0,0.0,2,40.0
968,Corbin Burnes,MIL,5,0,0.0,2,40.0
979,Jake Noll,WSH,8,0,0.0,2,25.0
20,Francisco Liriano,PIT,2,0,0.0,1,50.0
38,Jesse Chavez,TEX,1,0,0.0,1,100.0
47,Wilkin Castillo,MIA,2,0,0.0,1,50.0
52,Junior Guerra,MIL,3,0,0.0,1,33.33333333333333
75,David Price,BOS,1,0,0.0,1,100.0
76,Hector Noesi,MIA,3,0,0.0,1,33.33333333333333
104,Gio Gonzalez,MIL,18,0,0.0,1,5.555555555555555
122,Jeremy Hellickson,WSH,8,0,0.0,1,12.5
158,Mike Leake,ARI,11,0,0.0,1,9.090909090909092
160,Trevor Cahill,LAA,2,0,0.0,1,50.0
167,Derek Holland,CHC,12,0,0.0,1,8.333333333333332
190,Danny Duffy,KC,2,0,0.0,1,50.0
206,Will Smith,SF,2,0,0.0,1,50.0
214,Wilmer Font,NYM,3,0,0.0,1,33.33333333333333
232,Tyler Anderson,COL,5,0,0.0,1,20.0
236,Brad Brach,CHC,5,0,0.0,1,20.0
248,Oliver Drake,TB,1,0,0.0,1,100.0
251,Drew Gagnon,NYM,2,0,0.0,1,50.0
274,Mike Montgomery,KC,5,0,0.0,1,20.0
333,Matthew Boyd,DET,1,0,0.0,1,100.0
339,David Freitas,MIL,17,0,0.0,1,5.88235294117647
403,Kevin Gausman,ATL,14,0,0.0,1,7.142857142857142
404,Chi Chi Gonzalez,COL,12,0,0.0,1,8.333333333333332
423,Drew Robinson,STL,5,0,0.0,1,20.0
431,Brock Stewart,LAD,2,0,0.0,1,50.0
465,Marco Gonzales,SEA,2,0,0.0,1,50.0
474,Mike Gerber,SF,9,0,0.0,1,11.11111111111111
482,R.J. Alaniz,CIN,1,0,0.0,1,100.0
494,Daniel Norris,DET,3,0,0.0,1,33.33333333333333
533,John Brebbia,STL,1,0,0.0,1,100.0
546,Adrian Houser,MIL,17,0,0.0,1,5.88235294117647
569,Luis Perdomo,SD,7,0,0.0,1,14.285714285714285
599,Seth Lugo,NYM,1,0,0.0,1,100.0
600,John Means,BAL,2,0,0.0,1,50.0
610,Lucas Giolito,CWS,2,0,0.0,1,50.0
611,Zach Green,SF,7,0,0.0,1,14.285714285714285
612,Cole Irvin,PHI,6,0,0.0,1,16.666666666666664
616,Lucas Sims,CIN,5,0,0.0,1,20.0
632,Austin Voth,WSH,6,0,0.0,1,16.666666666666664
657,Alec Mills,CHC,7,0,0.0,1,14.285714285714285
682,Chris Shaw,SF,14,0,0.0,1,7.142857142857142
683,Alex Young,ARI,16,0,0.0,1,6.25
696,Antonio Senzatela,COL,24,0,0.0,1,4.166666666666666
699,Elieser Hernandez,MIA,15,0,0.0,1,6.666666666666667
702,Jesus Tinoco,COL,6,0,0.0,1,16.666666666666664
705,Chris Flexen,NYM,1,0,0.0,1,100.0
719,Ranger Suarez,PHI,4,0,0.0,1,25.0
724,Nick Ciuffo,TB,3,0,0.0,1,33.33333333333333
764,Jon Duplantier,ARI,7,0,0.0,1,14.285714285714285
773,Brad Keller,KC,3,0,0.0,1,33.33333333333333
781,Kyle McGowin,WSH,3,0,0.0,1,33.33333333333333
786,Jacob Nottingham,MIL,5,0,0.0,1,20.0
808,Dennis Santana,LAD,2,0,0.0,1,50.0
818,Johnny Davis,TB,2,0,0.0,1,50.0
872,Connor Joe,SF,8,0,0.0,1,12.5
875,Brendan McKay,TB,6,0,0.0,1,16.666666666666664
892,Jordan Yamamoto,MIA,16,0,0.0,1,6.25
894,Logan Webb,SF,6,0,0.0,1,16.666666666666664
897,Montana DuRapau,PIT,3,0,0.0,1,33.33333333333333
898,Caleb Ferguson,LAD,2,0,0.0,1,50.0
912,Logan Allen,SD,3,0,0.0,1,33.33333333333333
937,Phil Maton,SD,4,0,0.0,1,25.0
943,Ryan Helsley,STL,3,0,0.0,1,33.33333333333333
944,Seby Zavala,CWS,5,0,0.0,1,20.0
967,Dustin May,LAD,5,0,0.0,1,20.0
0,CC Sabathia,NYY,2,0,0.0,0,0.0
1,Ichiro Suzuki,SEA,2,0,0.0,0,0.0
12,Edwin Jackson,TOR,2,0,0.0,0,0.0
16,Felix Hernandez,SEA,2,0,0.0,0,0.0
17,Yusmeiro Petit,OAK,1,0,0.0,0,0.0
19,Justin Verlander,HOU,1,0,0.0,0,0.0
37,Kenley Jansen,LAD,1,0,0.0,0,0.0
42,Ross Detwiler,CWS,1,0,0.0,0,0.0
45,Corey Kluber,CLE,1,0,0.0,0,0.0
49,Sean Doolittle,WSH,3,0,0.0,0,0.0
53,Charlie Morton,TB,1,0,0.0,0,0.0
56,Jim Adduci,CHC,2,0,0.0,0,0.0
63,Jared Hughes,CIN,1,0,0.0,0,0.0
64,Wade LeBlanc,SEA,1,0,0.0,0,0.0
65,Blake Parker,PHI,1,0,0.0,0,0.0
80,Johnny Cueto,SF,3,0,0.0,0,0.0
91,Javy Guerra,WSH,5,0,0.0,0,0.0
92,J.A. Happ,NYY,2,0,0.0,0,0.0
94,Lance Lynn,TEX,1,0,0.0,0,0.0
95,Josh Tomlin,ATL,5,0,0.0,0,0.0
110,Ivan Nova,CWS,3,0,0.0,0,0.0
123,Jed Lowrie,NYM,8,0,0.0,0,0.0
128,Andrew Cashner,BAL,1,0,0.0,0,0.0
130,Wade Miley,HOU,3,0,0.0,0,0.0
132,Craig Stammen,SD,1,0,0.0,0,0.0
145,Michael Pineda,MIN,2,0,0.0,0,0.0
150,Mike Minor,TEX,4,0,0.0,0,0.0
151,Jeremy Jeffress,MIL,1,0,0.0,0,0.0
153,Kyle Gibson,MIN,2,0,0.0,0,0.0
169,Juan Nicasio,PHI,2,0,0.0,0,0.0
174,Ruben Tejada,NYM,5,0,0.0,0,0.0
180,Chad Bettis,COL,9,0,0.0,0,0.0
183,Steve Cishek,CHC,2,0,0.0,0,0.0
198,T.J. McFarland,ARI,4,0,0.0,0,0.0
201,Jimmy Nelson,MIL,2,0,0.0,0,0.0
202,Drew Pomeranz,MIL,15,0,0.0,0,0.0
203,Rick Porcello,BOS,3,0,0.0,0,0.0
211,Marcus Walden,BOS,1,0,0.0,0,0.0
212,Jordan Zimmermann,DET,1,0,0.0,0,0.0
216,Joe Kelly,LAD,3,0,0.0,0,0.0
218,Martin Perez,MIN,2,0,0.0,0,0.0
233,Matt Andriese,ARI,6,0,0.0,0,0.0
237,Rob Brantly,PHI,1,0,0.0,0,0.0
239,Ryan Carpenter,DET,1,0,0.0,0,0.0
241,Gerrit Cole,HOU,3,0,0.0,0,0.0
242,Adam Conley,MIA,1,0,0.0,0,0.0
249,Nathan Eovaldi,BOS,1,0,0.0,0,0.0
263,Jay Jackson,MIL,2,0,0.0,0,0.0
269,Mikie Mahtook,DET,7,0,0.0,0,0.0
273,Tommy Milone,SEA,1,0,0.0,0,0.0
285,Nick Vincent,SF,3,0,0.0,0,0.0
289,Tyler Lyons,PIT,1,0,0.0,0,0.0
306,Masahiro Tanaka,NYY,1,0,0.0,0,0.0
312,Felipe Vazquez,PIT,2,0,0.0,0,0.0
316,Yimi Garcia,LAD,2,0,0.0,0,0.0
318,Felix Pena,LAA,2,0,0.0,0,0.0
324,Jose Urena,MIA,12,0,0.0,0,0.0
325,Luis Cessa,NYY,1,0,0.0,0,0.0
334,Matt Carasiti,SEA,1,0,0.0,0,0.0
336,Noel Cuevas,COL,1,0,0.0,0,0.0
338,Dylan Floro,LAD,2,0,0.0,0,0.0
346,Matt Koch,ARI,4,0,0.0,0,0.0
349,Parker Markel,PIT,3,0,0.0,0,0.0
350,Deven Marrero,MIA,4,0,0.0,0,0.0
353,Shelby Miller,TEX,2,0,0.0,0,0.0
359,James Paxton,NYY,3,0,0.0,0,0.0
363,Garrett Richards,SD,2,0,0.0,0,0.0
366,Tyler Skaggs,LAA,2,0,0.0,0,0.0
367,Burch Smith,MIL,1,0,0.0,0,0.0
372,Robbie Erlin,SD,4,0,0.0,0,0.0
385,Yusei Kikuchi,SEA,1,0,0.0,0,0.0
386,Hector Velazquez,BOS,1,0,0.0,0,0.0
391,Cody Allen,LAA,1,0,0.0,0,0.0
397,Dylan Covey,CWS,1,0,0.0,0,0.0
411,Nick Kingham,PIT,6,0,0.0,0,0.0
414,Josh Osich,CWS,1,0,0.0,0,0.0
415,Jarrett Parker,LAA,5,0,0.0,0,0.0
417,Adam Plutko,CLE,1,0,0.0,0,0.0
425,Adrian Sampson,TEX,1,0,0.0,0,0.0
426,Aaron Sanchez,TOR,1,0,0.0,0,0.0
427,Chasen Shreve,STL,1,0,0.0,0,0.0
430,Drew Smyly,PHI,11,0,0.0,0,0.0
437,Taylor Williams,MIL,1,0,0.0,0,0.0
439,Asher Wojciechowski,BAL,1,0,0.0,0,0.0
442,Domingo German,NYY,3,0,0.0,0,0.0
443,Carlos Martinez,STL,1,0,0.0,0,0.0
444,Frankie Montas,OAK,1,0,0.0,0,0.0
448,Hector Neris,PHI,1,0,0.0,0,0.0
452,Wander Suero,WSH,1,0,0.0,0,0.0
455,Eduardo Rodriguez,BOS,3,0,0.0,0,0.0
457,Jandel Gustave,SF,1,0,0.0,0,0.0
458,Mike Mayers,STL,1,0,0.0,0,0.0
467,Matt Grace,WSH,3,0,0.0,0,0.0
469,Daniel Ponce de Leon,STL,8,0,0.0,0,0.0
470,Kyle Ryan,CHC,3,0,0.0,0,0.0
471,Casey Sadler,LAD,3,0,0.0,0,0.0
473,Jerad Eickhoff,PHI,11,0,0.0,0,0.0
479,Dan Winkler,ATL,1,0,0.0,0,0.0
490,Jakob Junis,KC,1,0,0.0,0,0.0
493,Daniel Mengden,OAK,1,0,0.0,0,0.0
498,Robert Stephenson,CIN,1,0,0.0,0,0.0
511,Matt Barnes,BOS,1,0,0.0,0,0.0
513,Brian Johnson,BOS,1,0,0.0,0,0.0
515,Nick Ramirez,DET,1,0,0.0,0,0.0
522,Randy Rosario,CHC,1,0,0.0,0,0.0
529,Chris Bassitt,OAK,3,0,0.0,0,0.0
532,Archie Bradley,ARI,1,0,0.0,0,0.0
534,Aaron Brooks,BAL,2,0,0.0,0,0.0
535,Dylan Bundy,BAL,1,0,0.0,0,0.0
537,Mike Clevinger,CLE,1,0,0.0,0,0.0
544,David Hess,BAL,2,0,0.0,0,0.0
545,Clay Holmes,PIT,5,0,0.0,0,0.0
547,Jorge Lopez,KC,1,0,0.0,0,0.0
553,Michael Reed,SF,4,0,0.0,0,0.0
560,Andrew Suarez,SF,2,0,0.0,0,0.0
562,Spencer Turnbull,DET,3,0,0.0,0,0.0
563,Mitch Walding,PHI,2,0,0.0,0,0.0
564,Matt Wisler,SD,1,0,0.0,0,0.0
566,Bradley Zimmer,CLE,7,0,0.0,0,0.0
571,Giovanny Gallegos,STL,3,0,0.0,0,0.0
573,Yefry Ramirez,PIT,2,0,0.0,0,0.0
575,Roenis Elias,WSH,1,0,0.0,0,0.0
577,Jarlin Garcia,MIA,1,0,0.0,0,0.0
580,Rookie Davis,PIT,1,0,0.0,0,0.0
585,Tyler Glasnow,TB,1,0,0.0,0,0.0
588,Sal Romano,CIN,1,0,0.0,0,0.0
590,Robert Gsellman,NYM,1,0,0.0,0,0.0
591,John Gant,STL,3,0,0.0,0,0.0
594,Chris Mazza,NYM,3,0,0.0,0,0.0
598,Sam Howard,COL,1,0,0.0,0,0.0
608,Carson Fulmer,CWS,1,0,0.0,0,0.0
625,JT Chargois,LAD,1,0,0.0,0,0.0
630,Chris Stratton,PIT,3,0,0.0,0,0.0
631,Brent Suter,MIL,2,0,0.0,0,0.0
635,Wei-Yin Chen,MIA,5,0,0.0,0,0.0
636,Austin Adams,SEA,1,0,0.0,0,0.0
651,James Marvel,PIT,4,0,0.0,0,0.0
652,Jacob Waguespack,TOR,2,0,0.0,0,0.0
656,Matt Bowman,CIN,1,0,0.0,0,0.0
658,Jose Berrios,MIN,2,0,0.0,0,0.0
659,Duane Underwood Jr.,CHC,1,0,0.0,0,0.0
660,Corey Oswalt,NYM,2,0,0.0,0,0.0
663,Ty Blach,SF,1,0,0.0,0,0.0
675,Joe Hudson,STL,1,0,0.0,0,0.0
685,Yency Almonte,COL,3,0,0.0,0,0.0
686,Gerardo Reyes,SD,1,0,0.0,0,0.0
689,Dylan Cozens,PHI,1,0,0.0,0,0.0
692,Keury Mella,CIN,1,0,0.0,0,0.0
694,Seranthony Dominguez,PHI,1,0,0.0,0,0.0
700,Miguel Diaz,SD,1,0,0.0,0,0.0
701,Jimmy Cordero,CWS,1,0,0.0,0,0.0
703,Pedro Payano,TEX,1,0,0.0,0,0.0
704,Paul Sewald,NYM,1,0,0.0,0,0.0
708,Scott Oberg,COL,1,0,0.0,0,0.0
712,Josh Hader,MIL,2,0,0.0,0,0.0
713,Brad Wieck,SD,2,0,0.0,0,0.0
714,Drew Anderson,PHI,1,0,0.0,0,0.0
715,Drew Jackson,BAL,3,0,0.0,0,0.0
734,Reynaldo Lopez,CWS,2,0,0.0,0,0.0
738,Raisel Iglesias,CIN,2,0,0.0,0,0.0
740,Yonny Chirinos,TB,1,0,0.0,0,0.0
741,Yasmany Tomas,ARI,4,0,0.0,0,0.0
748,Adbert Alzolay,CHC,3,0,0.0,0,0.0
749,Wes Parsons,COL,2,0,0.0,0,0.0
756,Shane Carle,ATL,1,0,0.0,0,0.0
768,Trevor Gott,SF,1,0,0.0,0,0.0
774,Tyler Kinley,MIA,1,0,0.0,0,0.0
788,Emilio Pagan,TB,1,0,0.0,0,0.0
789,Cody Reed,CIN,1,0,0.0,0,0.0
790,Jimmie Sherfy,ARI,2,0,0.0,0,0.0
793,Glenn Sparkman,KC,1,0,0.0,0,0.0
799,Devin Williams,MIL,1,0,0.0,0,0.0
804,Jaime Barria,LAA,1,0,0.0,0,0.0
806,Ariel Jurado,TEX,1,0,0.0,0,0.0
820,Justin Dunn,SEA,1,0,0.0,0,0.0
822,Chad Green,NYY,1,0,0.0,0,0.0
823,Donnie Hart,NYM,2,0,0.0,0,0.0
830,Austin Pruitt,TB,1,0,0.0,0,0.0
834,T.J. Zeuch,TOR,1,0,0.0,0,0.0
852,Aaron Civale,CLE,1,0,0.0,0,0.0
853,Jose Quijada,MIA,1,0,0.0,0,0.0
854,Luis Escobar,PIT,1,0,0.0,0,0.0
856,Genesis Cabrera,STL,3,0,0.0,0,0.0
857,Diego Castillo,TB,1,0,0.0,0,0.0
859,Jalen Beeks,TB,2,0,0.0,0,0.0
861,Jeff Brigham,MIA,1,0,0.0,0,0.0
862,Griffin Canning,LAA,1,0,0.0,0,0.0
871,Alex Jackson,ATL,4,0,0.0,0,0.0
873,Mitch Keller,PIT,9,0,0.0,0,0.0
878,Sean Newcomb,ATL,5,0,0.0,0,0.0
879,James Norwood,CHC,1,0,0.0,0,0.0
881,Sean Reid-Foley,TOR,1,0,0.0,0,0.0
883,Justus Sheffield,SEA,1,0,0.0,0,0.0
884,Chad Sobotka,ATL,2,0,0.0,0,0.0
885,Erik Swanson,SEA,1,0,0.0,0,0.0
887,Touki Toussaint,ATL,6,0,0.0,0,0.0
890,Jacob Webb,ATL,1,0,0.0,0,0.0
891,Kyle Wright,ATL,4,0,0.0,0,0.0
901,Pedro Avila,SD,1,0,0.0,0,0.0
902,Aaron Wilkerson,MIL,2,0,0.0,0,0.0
907,Jose Suarez,LAA,1,0,0.0,0,0.0
908,Enyel De Los Santos,PHI,1,0,0.0,0,0.0
910,Tanner Rainey,WSH,1,0,0.0,0,0.0
911,Kolby Allard,TEX,1,0,0.0,0,0.0
918,Patrick Sandoval,LAA,1,0,0.0,0,0.0
926,Tom Eshelman,BAL,1,0,0.0,0,0.0
930,Sam Haggerty,NYM,3,0,0.0,0,0.0
935,Tanner Anderson,OAK,1,0,0.0,0,0.0
940,Jose Urquidy,HOU,2,0,0.0,0,0.0
956,Robert Dugger,MIA,6,0,0.0,0,0.0
958,Tres Barrera,WSH,2,0,0.0,0,0.0
960,Zach Plesac,CLE,1,0,0.0,0,0.0
962,Jeremy Walker,ATL,1,0,0.0,0,0.0
969,Conner Menez,SF,2,0,0.0,0,0.0
975,Joel Kuhnel,CIN,1,0,0.0,0,0.0
977,Shane Bieber,CLE,2,0,0.0,0,0.0
981,Rico Garcia,COL,1,0,0.0,0,0.0
982,JD Hammer,PHI,1,0,0.0,0,0.0
986,Adrian Morejon,SD,1,0,0.0,0,0.0
987,Ronald Bolanos,SD,3,0,0.0,0,0.0
988,Elvis Luciano,TOR,1,0,0.0,0,0.0
