player_id,pitches,player_name,game_date,total_pitches,pitch_percent,ba,iso,babip,slg,woba,xwoba,xba,hits,abs,launch_speed,launch_angle,spin_rate,velocity,effective_speed,whiffs,swings,takes,eff_min_vel,release_extension,pos3_int_start_distance,pos4_int_start_distance,pos5_int_start_distance,pos6_int_start_distance,pos7_int_start_distance,pos8_int_start_distance,pos9_int_start_distance
572033,4,Josh Phegley,2019-03-20,4,100.0,0.0,0.0,,0.0,0.0,0.0,,0,1,,,,,,1,1,3,,,,,,,,,
596129,1,Daniel Vogelbach,2019-03-20,1,100.0,,,,,0.72,0.72,,0,0,,,,,,0,0,0,,,,,,,,,
664238,6,Dylan Moore,2019-03-20,6,100.0,,,,,0.69,0.69,,0,0,,,,,,0,0,6,,,,,,,,,
429665,28,Edwin Encarnacion,2019-03-20,28,100.0,0.0,0.0,,0.0,0.276,0.276,,0,3,,,,,,3,6,22,,,,,,,,,
543257,6,Robbie Grossman,2019-03-20,6,100.0,1.0,0.0,1.0,1.0,0.875,0.875,0.912,1,1,90.0,15.0,,,,0,2,4,,,,,,,,,
542921,13,Tim Beckham,2019-03-20,13,100.0,1.0,1.0,1.0,2.0,1.1079999999999999,0.861,0.6679999999999999,3,3,96.3,8.0,,,,2,5,8,,,,,,,,,
543760,14,Marcus Semien,2019-03-20,14,100.0,0.5,0.0,0.5,0.5,0.564,0.5670000000000001,0.462,1,2,87.0,1.0,,,,0,3,11,,,,,,,,,
543829,13,Dee Gordon,2019-03-20,13,100.0,0.25,0.0,0.25,0.25,0.21899999999999997,0.301,0.308,1,4,80.6,10.4,,,,0,5,8,,,,,,,,,
457803,17,Jay Bruce,2019-03-20,17,100.0,0.25,0.0,0.5,0.25,0.319,0.322,0.23600000000000002,1,4,82.5,37.5,,,,4,9,7,,,,,,,,,
656305,19,Matt Chapman,2019-03-20,19,100.0,0.4,0.8,0.33299999999999996,1.2,0.6459999999999999,0.42200000000000004,0.23399999999999999,2,5,92.8,21.0,,,,1,8,11,,,,,,,,,
501981,10,Khris Davis,2019-03-20,10,100.0,0.25,0.75,0.0,1.0,0.498,0.433,0.23,1,4,91.3,23.3,,,,0,7,3,,,,,,,,,
572039,12,Stephen Piscotty,2019-03-20,12,100.0,0.25,0.75,0.0,1.0,0.498,0.431,0.228,1,4,93.7,35.3,,,,1,7,5,,,,,,,,,
640461,11,Chad Pinder,2019-03-20,11,100.0,0.5,0.25,0.667,0.75,0.528,0.215,0.213,2,4,85.3,12.7,,,,1,6,5,,,,,,,,,
570267,21,Domingo Santana,2019-03-20,21,100.0,0.2,0.6,0.0,0.8,0.39899999999999997,0.337,0.19,1,5,89.3,40.7,,,,3,10,11,,,,,,,,,
592387,18,Ryon Healy,2019-03-20,18,100.0,0.25,0.25,0.33299999999999996,0.5,0.309,0.147,0.134,1,4,86.0,21.3,,,,4,10,8,,,,,,,,,
595777,13,Jurickson Profar,2019-03-20,13,100.0,0.25,0.25,0.33299999999999996,0.5,0.309,0.105,0.102,1,4,84.0,15.3,,,,3,8,5,,,,,,,,,
400085,11,Ichiro Suzuki,2019-03-20,11,100.0,0.0,0.0,0.0,0.0,0.345,0.354,0.03,0,1,75.0,60.0,,,,0,5,6,,,,,,,,,
571745,25,Mitch Haniger,2019-03-20,25,100.0,0.0,0.0,0.0,0.0,0.0,0.02,0.017,0,4,84.3,30.8,,,,3,11,13,,,,,,,,,
621566,16,Matt Olson,2019-03-20,16,100.0,0.0,0.0,0.0,0.0,0.17300000000000001,0.187,0.016,0,3,85.7,4.0,,,,1,6,10,,,,,,,,,
657656,19,Ramon Laureano,2019-03-20,19,100.0,0.0,0.0,0.0,0.0,0.0,0.011000000000000001,0.012,0,5,82.0,49.0,,,,5,10,9,,,,,,,,,
460026,4,Nick Hundley,2019-03-20,4,100.0,0.0,0.0,0.0,0.0,0.0,0.01,0.01,0,2,84.0,-13.0,,,,1,3,1,,,,,,,,,
553882,17,Omar Narvaez,2019-03-20,17,100.0,0.0,0.0,0.0,0.0,0.17300000000000001,0.17800000000000002,0.006999999999999999,0,3,84.0,-13.0,,,,2,7,10,,,,,,,,,
623323,3,Braden Bishop,2019-03-21,3,100.0,0.0,0.0,,0.0,0.0,0.0,,0,1,,,,,,0,0,3,,,,,,,,,
657656,15,Ramon Laureano,2019-03-21,15,100.0,0.4,0.0,0.667,0.4,0.35,0.46299999999999997,0.479,2,5,90.3,16.0,,,,5,9,6,,,,,,,,,
621566,10,Matt Olson,2019-03-21,10,100.0,0.5,0.0,0.5,0.5,0.43799999999999994,0.44299999999999995,0.461,1,2,87.0,1.0,,,,1,5,5,,,,,,,,,
592387,13,Ryon Healy,2019-03-21,13,100.0,0.4,0.8,0.25,1.2,0.6459999999999999,0.5589999999999999,0.38799999999999996,2,5,92.2,7.8,,,,2,9,4,,,,,,,,,
542921,22,Tim Beckham,2019-03-21,22,100.0,0.5,0.25,0.5,0.75,0.56,0.451,0.363,2,4,92.0,20.5,,,,3,10,12,,,,,,,,,
543760,31,Marcus Semien,2019-03-21,31,100.0,0.5,0.0,0.6,0.5,0.43799999999999994,0.335,0.35,3,6,87.0,11.2,,,,2,13,18,,,,,,,,,
571745,24,Mitch Haniger,2019-03-21,24,100.0,0.5,1.0,0.5,1.5,0.773,0.609,0.345,2,4,97.0,28.3,,,,1,10,13,,,,,,,,,
543829,21,Dee Gordon,2019-03-21,21,100.0,0.33299999999999996,0.0,0.5,0.33299999999999996,0.292,0.297,0.314,2,6,82.5,37.5,,,,3,11,10,,,,,,,,,
572039,31,Stephen Piscotty,2019-03-21,31,100.0,0.25,0.0,0.33299999999999996,0.25,0.376,0.384,0.23800000000000002,1,4,87.7,13.3,,,,5,11,20,,,,,,,,,
501981,26,Khris Davis,2019-03-21,26,100.0,0.2,0.0,0.25,0.2,0.261,0.302,0.225,1,5,85.8,15.5,,,,3,15,11,,,,,,,,,
572033,13,Josh Phegley,2019-03-21,13,100.0,0.0,0.0,0.0,0.0,0.0,0.19699999999999998,0.204,0,3,83.3,21.7,,,,1,8,5,,,,,,,,,
595777,16,Jurickson Profar,2019-03-21,16,100.0,0.16699999999999998,0.0,0.2,0.16699999999999998,0.146,0.19899999999999998,0.2,1,6,87.4,30.2,,,,1,8,8,,,,,,,,,
640461,24,Chad Pinder,2019-03-21,24,100.0,0.16699999999999998,0.16699999999999998,0.2,0.33299999999999996,0.20600000000000002,0.11,0.099,1,6,87.2,28.0,,,,3,15,9,,,,,,,,,
570267,20,Domingo Santana,2019-03-21,20,100.0,0.2,0.2,0.25,0.4,0.321,0.19699999999999998,0.069,1,5,89.3,23.0,,,,2,9,11,,,,,,,,,
656305,23,Matt Chapman,2019-03-21,23,100.0,0.0,0.0,0.0,0.0,0.23,0.252,0.039,0,4,84.7,-12.3,,,,1,5,18,,,,,,,,,
457803,14,Jay Bruce,2019-03-21,14,100.0,0.0,0.0,0.0,0.0,0.0,0.121,0.027999999999999997,0,5,87.0,38.3,,,,1,10,4,,,,,,,,,
553882,19,Omar Narvaez,2019-03-21,19,100.0,0.0,0.0,0.0,0.0,0.0,0.018000000000000002,0.019,0,6,82.0,49.0,,,,2,7,12,,,,,,,,,
460026,7,Nick Hundley,2019-03-21,7,100.0,0.0,0.0,0.0,0.0,0.0,0.018000000000000002,0.013999999999999999,0,2,89.0,38.0,,,,2,3,4,,,,,,,,,
429665,25,Edwin Encarnacion,2019-03-21,25,100.0,0.0,0.0,0.0,0.0,0.35,0.355,0.013000000000000001,0,3,79.5,23.5,,,,2,7,17,,,,,,,,,
400085,19,Ichiro Suzuki,2019-03-21,19,100.0,0.0,0.0,0.0,0.0,0.0,0.01,0.013000000000000001,0,4,81.0,11.3,,,,2,9,10,,,,,,,,,
592192,11,Mark Canha,2019-03-21,11,100.0,0.0,0.0,0.0,0.0,0.345,0.35100000000000003,0.011000000000000001,0,1,84.0,-13.0,,,,0,4,7,,,,,,,,,
543257,4,Robbie Grossman,2019-03-21,4,100.0,0.0,0.0,0.0,0.0,0.0,0.006,0.006,0,2,84.0,-13.0,,,,1,2,2,,,,,,,,,
570632,3,Jose Urena,2019-03-28,3,100.0,0.0,0.0,,0.0,0.0,0.0,,0,1,,,2301,92.1,92.11,0,0,3,0.0,6.48,117,153,105,142,291,305,280
571945,8,Miles Mikolas,2019-03-28,8,100.0,0.0,0.0,,0.0,0.0,0.0,,0,2,,,2231,82.2,81.01,2,3,3,-1.2,5.55,103,141,96,146,298,303,281
656669,5,Jordan Luplow,2019-03-28,5,100.0,0.0,0.0,,0.0,0.0,0.0,,0,1,102.0,1.8,2468,85.5,84.07,1,2,3,-1.4,5.52,107,156,116,145,286,303,278
642086,7,Dominic Smith,2019-03-28,7,100.0,,,,,0.69,0.69,,0,0,79.4,12.6,2277,88.6,88.25,0,2,5,-0.4,6.15,123,168,127,155,301,300,296
607043,16,Brandon Nimmo,2019-03-28,16,100.0,0.0,0.0,,0.0,0.17300000000000001,0.17300000000000001,,0,3,69.8,13.4,2291,89.1,88.55,8,9,7,-0.5,5.97,113,159,103,151,298,305,299
527054,7,Julio Teheran,2019-03-28,7,100.0,0.0,0.0,,0.0,0.0,0.0,,0,2,,,2328,83.3,83.04,2,2,5,-0.3,6.41,119,152,111,147,283,297,257
664238,8,Dylan Moore,2019-03-28,8,100.0,,,,,0.69,0.69,,0,0,74.0,11.7,2463,81.1,80.62,0,4,4,-0.5,6.23,113,151,119,148,300,317,281
608715,7,Eric Stamets,2019-03-28,7,100.0,0.0,0.0,,0.0,0.0,0.0,,0,2,61.4,55.1,2346,86.4,86.15,3,4,3,-0.2,6.19,110,155,109,146,289,298,274
608384,6,Nick Williams,2019-03-28,6,100.0,0.0,0.0,,0.0,0.0,0.0,,0,1,103.1,21.7,2245,91.2,90.89,1,4,2,-0.3,6.32,118,150,107,154,277,314,293
453286,13,Max Scherzer,2019-03-28,13,100.0,0.0,0.0,,0.0,0.0,0.0,,0,3,76.9,14.4,2584,92.7,92.83,5,7,6,0.1,6.39,118,151,112,147,296,295,266
622569,4,Pablo Reyes,2019-03-28,4,100.0,,,,,0.69,0.69,,0,0,,,2402,91.0,90.32,0,0,4,-0.7,5.88,118,147,115,142,282,298,284
502671,20,Paul Goldschmidt,2019-03-28,20,100.0,0.0,0.0,,0.0,0.17300000000000001,0.17300000000000001,,0,3,89.2,42.3,2166,86.5,85.78,3,5,15,-0.7,5.87,103,152,126,147,307,321,295
592567,4,Colin Moran,2019-03-28,4,100.0,,,,,0.69,0.69,,0,0,,,2327,94.0,93.06,0,0,4,-0.9,5.8,116,141,112,146,272,298,300
456078,6,Welington Castillo,2019-03-28,6,100.0,,,,,0.69,0.69,,0,0,73.1,-4.8,1926,90.3,91.48,1,2,4,1.2,6.81,88,154,123,141,324,342,313
571863,8,Matt Koch,2019-03-28,8,100.0,0.0,0.0,,0.0,0.0,0.0,,0,2,,,2330,88.7,88.92,2,2,6,0.2,6.33,121,155,115,151,264,293,282
571980,13,Tyler Naquin,2019-03-28,13,100.0,0.0,0.0,,0.0,0.0,0.0,,0,3,69.0,28.8,2316,89.7,89.66,3,8,5,0.0,6.35,122,151,107,150,283,304,291
571431,5,Matt Adams,2019-03-28,5,100.0,0.0,0.0,,0.0,0.0,0.0,,0,1,104.8,9.2,2557,94.9,95.26,1,3,2,0.4,6.56,123,180,154,133,300,321,309
606132,3,Raimel Tapia,2019-03-28,3,100.0,0.0,0.0,,0.0,0.0,0.0,,0,1,,,2448,84.9,83.36,2,2,1,-1.5,5.43,88,150,177,121,276,309,297
622666,6,Johan Camargo,2019-03-28,6,100.0,0.0,0.0,,0.0,0.0,0.0,,0,1,,,2140,85.1,83.85,1,1,5,-1.2,5.59,125,152,102,153,295,322,296
448801,16,Chris Davis,2019-03-28,16,100.0,0.0,0.0,,0.0,0.0,0.0,,0,3,,,2150,87.7,86.92,4,6,10,-0.8,5.78,130,187,144,154,309,321,287
656185,6,Greg Allen,2019-03-28,6,100.0,0.0,0.0,,0.0,0.0,0.0,,0,1,,,2410,84.8,83.41,1,1,5,-1.4,5.45,87,149,106,140,287,298,272
607536,12,Kyle Freeland,2019-03-28,12,100.0,0.0,0.0,,0.0,0.23,0.23,,0,2,38.8,45.4,2172,92.7,91.9,2,2,8,-0.8,6.02,93,135,89,145,284,308,290
572228,16,Luke Voit,2019-03-28,16,100.0,1.0,3.0,,4.0,1.023,1.0090000000000001,1.0,1,1,80.0,13.8,2130,90.2,88.37,1,2,13,-1.8,5.37,101,151,118,141,313,334,295
435522,1,Neil Walker,2019-03-28,1,100.0,1.0,3.0,,4.0,1.993,1.7919999999999998,0.95,1,1,106.2,29.7,2152,93.6,92.86,0,1,0,-0.7,6.14,130,176,101,158,305,326,289
459964,7,Matt Joyce,2019-03-28,7,100.0,1.0,3.0,,4.0,1.993,1.739,0.9079999999999999,1,1,85.6,40.6,2214,91.7,90.57,1,4,3,-1.1,5.97,124,152,110,155,295,311,286
595375,2,JT Riddle,2019-03-28,2,100.0,1.0,3.0,,4.0,1.993,1.3969999999999998,0.835,1,1,103.0,23.1,2219,85.9,85.48,0,1,1,-0.4,6.29,113,152,91,152,300,316,298
571976,15,Wil Myers,2019-03-28,15,100.0,1.0,1.5,1.0,2.5,1.186,1.064,0.8109999999999999,2,2,97.3,6.8,2386,85.2,84.7,1,7,8,-0.5,6.05,110,147,115,143,302,322,287
571771,17,Enrique Hernandez,2019-03-28,17,100.0,0.667,2.0,0.0,2.667,1.169,1.157,0.8079999999999999,2,3,97.0,29.8,2211,88.0,88.01,1,7,10,0.0,6.09,109,151,111,149,303,328,307
500874,2,Jose Martinez,2019-03-28,2,100.0,0.0,0.0,0.0,0.0,0.0,1.41,0.772,0,1,101.6,31.1,2175,95.3,96.41,0,1,1,1.1,7.04,118,149,125,147,304,313,289
518618,4,Derek Dietrich,2019-03-28,4,100.0,1.0,3.0,,4.0,1.993,1.156,0.72,1,1,85.6,32.0,2364,92.0,91.8,0,2,2,-0.2,6.17,103,122,89,120,262,312,291
502054,10,Tommy Pham,2019-03-28,10,100.0,0.5,0.0,0.5,0.5,0.43799999999999994,0.648,0.677,2,4,94.1,12.8,2689,90.3,88.47,0,6,4,-1.8,5.56,117,155,127,147,294,319,284
543939,16,Kolten Wong,2019-03-28,16,100.0,0.667,2.0,0.0,2.667,1.329,0.988,0.608,2,3,92.1,24.2,2264,86.8,85.82,1,8,8,-1.0,5.76,123,146,108,153,292,318,300
657077,5,Alex Verdugo,2019-03-28,5,100.0,0.0,0.0,0.0,0.0,0.0,0.7929999999999999,0.598,0,1,100.7,21.0,1910,89.2,89.29,0,1,4,0.1,6.19,86,135,120,152,298,324,306
664056,6,Harrison Bader,2019-03-28,6,100.0,0.667,1.0,0.5,1.6669999999999998,0.956,0.893,0.594,2,3,84.9,-2.1,2254,86.9,85.67,0,3,3,-1.2,5.74,99,151,110,146,297,320,302
514888,9,Jose Altuve,2019-03-28,9,100.0,0.5,1.0,0.33299999999999996,1.5,0.807,0.8029999999999999,0.59,2,4,92.8,11.1,2258,87.9,87.11,1,5,4,-0.8,6.08,108,159,111,146,287,322,293
605113,13,Nick Ahmed,2019-03-28,13,100.0,0.33299999999999996,0.33299999999999996,0.25,0.667,0.309,0.47200000000000003,0.584,1,3,91.2,20.9,2440,86.5,86.56,0,6,7,0.1,6.12,115,155,113,147,295,316,284
606299,11,Jose Peraza,2019-03-28,11,100.0,0.5,0.75,0.5,1.25,0.7170000000000001,0.611,0.5770000000000001,2,4,85.3,11.4,2487,90.1,89.39,2,8,3,-0.7,5.73,105,151,103,147,303,318,282
468504,10,Jhoulys Chacin,2019-03-28,10,100.0,1.0,1.5,1.0,2.5,1.4340000000000002,0.728,0.565,2,2,99.8,12.4,2456,84.2,83.87,0,3,7,-0.3,6.19,124,150,107,148,286,301,263
462101,13,Elvis Andrus,2019-03-28,13,100.0,0.75,0.75,0.667,1.5,0.9359999999999999,0.637,0.56,3,4,88.8,10.5,2337,90.5,89.88,1,5,8,-0.6,6.09,114,155,112,151,300,325,281
621311,15,David Dahl,2019-03-28,15,100.0,0.75,0.25,1.0,1.0,0.746,0.774,0.555,3,4,105.0,13.5,2102,90.8,89.71,2,7,8,-1.1,5.81,107,159,166,136,294,319,312
593160,16,Whit Merrifield,2019-03-28,16,100.0,0.33299999999999996,0.0,0.33299999999999996,0.33299999999999996,0.391,0.539,0.5429999999999999,1,3,83.0,15.9,2208,87.4,87.5,0,6,10,0.1,6.02,115,149,106,149,287,315,287
609280,10,Miguel Andujar,2019-03-28,10,100.0,0.33299999999999996,0.0,0.25,0.33299999999999996,0.21899999999999997,0.588,0.508,1,3,97.7,20.5,2203,89.2,87.52,0,4,6,-1.7,5.38,94,144,111,137,304,332,291
592885,17,Christian Yelich,2019-03-28,17,100.0,0.5,1.5,0.0,2.0,0.843,0.767,0.506,1,2,89.2,3.6,2169,88.1,87.92,0,5,12,-0.2,6.28,126,147,113,152,298,322,298
595879,15,Javier Baez,2019-03-28,15,100.0,0.4,1.2,0.0,1.6,0.797,0.792,0.502,2,5,103.5,17.0,2572,89.3,88.03,4,9,6,-1.3,5.75,101,153,120,147,306,332,317
493329,14,Yuli Gurriel,2019-03-28,14,100.0,0.5,0.25,0.5,0.75,0.528,0.48,0.499,2,4,86.3,18.9,2225,86.8,86.72,1,7,7,-0.1,6.31,110,159,112,147,285,323,288
545361,15,Mike Trout,2019-03-28,15,100.0,0.33299999999999996,0.0,0.33299999999999996,0.33299999999999996,0.391,0.696,0.496,1,3,91.6,31.7,2440,86.6,85.67,1,6,9,-0.9,5.82,105,151,126,149,304,326,305
455104,18,Chris Iannetta,2019-03-28,18,100.0,0.667,0.33299999999999996,1.0,1.0,0.7,0.546,0.494,2,3,89.8,28.4,2166,91.0,89.92,2,7,11,-1.1,5.76,107,136,128,145,298,319,301
592178,20,Kris Bryant,2019-03-28,20,100.0,0.25,0.75,0.0,1.0,0.537,0.8240000000000001,0.49200000000000005,1,4,92.2,1.5,2344,89.7,89.02,0,7,13,-0.7,6.08,104,152,117,144,305,328,306
518516,4,Madison Bumgarner,2019-03-28,4,100.0,0.5,0.0,0.5,0.5,0.43799999999999994,0.647,0.48700000000000004,1,2,90.2,28.6,2079,86.8,85.51,1,3,1,-1.3,5.58,118,158,122,149,305,317,307
446334,8,Evan Longoria,2019-03-28,8,100.0,0.5,0.0,0.5,0.5,0.43799999999999994,0.6659999999999999,0.48700000000000004,2,4,94.0,33.2,2186,83.8,82.31,0,4,4,-1.5,5.55,121,157,121,149,302,315,306
519203,21,Anthony Rizzo,2019-03-28,21,100.0,0.5,0.0,0.5,0.5,0.589,0.585,0.484,1,2,79.4,-1.3,2572,89.7,88.59,2,4,17,-1.1,5.83,124,191,132,152,302,326,313
605131,14,Austin Barnes,2019-03-28,14,100.0,0.75,0.75,0.667,1.5,0.9359999999999999,0.5820000000000001,0.483,3,4,88.2,25.1,2241,86.2,85.87,1,8,6,-0.3,5.95,109,151,115,149,305,331,290
516416,13,Jean Segura,2019-03-28,13,100.0,0.5,0.0,0.667,0.5,0.43799999999999994,0.44299999999999995,0.478,2,4,88.5,-10.6,2268,87.0,86.78,1,7,6,-0.2,6.16,102,151,98,148,300,314,287
656305,16,Matt Chapman,2019-03-28,16,100.0,0.33299999999999996,0.0,0.33299999999999996,0.33299999999999996,0.391,0.499,0.462,1,3,93.5,30.1,2536,86.2,85.55,0,5,11,-0.6,5.94,101,152,115,145,305,336,298
608369,18,Corey Seager,2019-03-28,18,100.0,0.33299999999999996,1.0,0.0,1.3330000000000002,0.6709999999999999,0.737,0.461,1,3,83.1,29.2,2169,85.2,85.12,1,8,10,-0.1,5.89,122,152,120,154,301,333,310
450314,20,Ben Zobrist,2019-03-28,20,100.0,0.5,0.0,0.5,0.5,0.564,0.5589999999999999,0.461,1,2,76.5,18.7,2317,89.3,88.12,0,3,16,-1.2,5.89,98,145,111,144,302,324,299
542921,16,Tim Beckham,2019-03-28,16,100.0,0.4,1.2,0.0,1.6,0.797,0.8170000000000001,0.456,2,5,93.3,4.0,2219,86.5,86.3,1,7,9,-0.2,6.24,113,149,112,147,299,323,282
429664,12,Robinson Cano,2019-03-28,12,100.0,0.5,0.75,0.33299999999999996,1.25,0.7170000000000001,0.619,0.45399999999999996,2,4,82.0,23.4,2229,90.0,89.42,2,9,3,-0.6,5.9,124,175,130,156,300,314,301
467092,9,Wilson Ramos,2019-03-28,9,100.0,0.25,0.0,0.25,0.25,0.21899999999999997,0.42100000000000004,0.44799999999999995,1,4,83.6,12.4,2282,89.4,88.85,1,7,2,-0.5,6.02,114,152,122,152,328,314,295
547379,9,Roberto Perez,2019-03-28,9,100.0,0.0,0.0,0.0,0.0,0.0,0.644,0.44799999999999995,0,3,87.4,30.1,2387,84.4,83.87,2,4,5,-0.5,6.09,119,154,114,150,297,308,283
608336,23,Joey Gallo,2019-03-28,23,100.0,0.0,0.0,0.0,0.0,0.17300000000000001,0.65,0.444,0,3,90.2,1.6,2456,85.4,84.6,4,10,13,-0.8,5.98,104,149,137,166,304,327,297
592626,22,Joc Pederson,2019-03-28,22,100.0,0.6,1.4,0.5,2.0,1.044,0.8220000000000001,0.44299999999999995,3,5,90.8,8.8,1988,86.3,86.19,2,10,12,-0.1,6.01,113,155,130,156,304,339,308
514917,13,Cesar Hernandez,2019-03-28,13,100.0,0.33299999999999996,0.0,0.5,0.33299999999999996,0.391,0.684,0.436,1,3,86.0,17.3,2215,89.9,89.5,2,5,8,-0.4,6.16,104,150,94,154,278,315,296
474568,12,Jordy Mercer,2019-03-28,12,100.0,0.0,0.0,0.0,0.0,0.353,0.737,0.435,0,2,83.2,13.7,2524,89.1,88.07,2,4,7,-1.0,5.66,113,152,121,148,313,324,277
608577,11,Nomar Mazara,2019-03-28,11,100.0,0.25,0.75,0.0,1.0,0.498,0.7440000000000001,0.428,1,4,96.0,5.5,2192,90.0,88.61,0,5,6,-1.4,6.07,121,150,116,147,297,325,297
641857,7,Ryan McMahon,2019-03-28,7,100.0,0.25,0.25,0.25,0.5,0.309,0.428,0.41600000000000004,1,4,97.7,4.8,2164,91.8,90.84,0,5,2,-1.0,5.97,111,161,136,131,293,315,305
596142,22,Gary Sanchez,2019-03-28,22,100.0,0.25,0.0,0.25,0.25,0.21899999999999997,0.615,0.413,1,4,82.9,30.9,2203,89.4,88.23,1,13,9,-1.2,5.64,111,150,121,142,306,328,288
605141,22,Mookie Betts,2019-03-28,22,100.0,0.6,0.0,0.6,0.6,0.525,0.391,0.41100000000000003,3,5,87.3,32.8,2180,86.8,85.78,0,5,17,-1.0,5.69,108,155,117,143,296,319,289
503556,8,Marwin Gonzalez,2019-03-28,8,100.0,0.5,0.5,0.5,1.0,0.642,0.479,0.41100000000000003,1,2,82.7,-10.0,2259,87.0,86.74,0,2,6,-0.3,5.94,110,144,104,151,287,305,288
543776,17,JB Shuck,2019-03-28,17,100.0,0.0,0.0,0.0,0.0,0.345,0.537,0.408,0,2,82.5,18.8,2145,91.9,90.76,1,4,13,-1.1,5.67,115,147,105,146,271,300,294
608385,14,Jesse Winker,2019-03-28,14,100.0,0.0,0.0,0.0,0.0,0.17300000000000001,0.465,0.408,0,3,78.2,17.2,2273,90.5,90.78,2,7,7,0.3,6.28,120,144,126,152,285,323,300
570267,29,Domingo Santana,2019-03-28,29,100.0,0.6,0.8,1.0,1.4,0.821,0.499,0.405,3,5,82.4,15.8,2034,85.6,85.12,3,16,13,-0.5,6.01,111,150,119,148,297,320,280
650490,15,Yandy Diaz,2019-03-28,15,100.0,0.33299999999999996,0.33299999999999996,0.33299999999999996,0.667,0.48100000000000004,0.47100000000000003,0.40299999999999997,1,3,99.9,9.3,2622,86.8,85.46,3,8,7,-1.3,5.74,117,155,125,148,296,318,280
594777,16,Kole Calhoun,2019-03-28,16,100.0,0.33299999999999996,0.0,0.33299999999999996,0.33299999999999996,0.391,0.546,0.40299999999999997,1,3,97.0,22.4,2343,84.9,83.4,1,7,9,-1.5,5.48,130,154,113,163,297,321,308
571745,24,Mitch Haniger,2019-03-28,24,100.0,0.5,0.25,0.667,0.75,0.5660000000000001,0.45899999999999996,0.386,2,4,79.7,26.5,2066,87.1,86.53,3,11,12,-0.6,6.03,115,152,119,150,297,322,281
542340,7,Jonathan Villar,2019-03-28,7,100.0,0.5,0.0,0.5,0.5,0.43799999999999994,0.361,0.385,2,4,86.4,-5.9,1862,88.0,87.02,0,4,3,-1.0,5.75,107,149,95,147,301,310,280
572008,20,Chris Owings,2019-03-28,20,100.0,0.0,0.0,0.0,0.0,0.17300000000000001,0.445,0.385,0,3,92.7,4.8,2231,91.8,90.96,1,7,13,-0.8,5.63,99,147,105,144,291,316,297
435622,18,Ian Desmond,2019-03-28,18,100.0,0.25,0.25,0.33299999999999996,0.5,0.309,0.483,0.384,1,4,92.5,0.9,2222,88.2,87.34,4,10,8,-0.9,5.89,98,147,119,145,308,321,291
641313,12,Tim Anderson,2019-03-28,12,100.0,0.25,0.0,0.33299999999999996,0.25,0.21899999999999997,0.364,0.381,1,4,88.4,11.2,2294,92.2,92.32,1,6,6,0.1,6.12,112,156,125,140,316,329,302
596059,20,Rougned Odor,2019-03-28,20,100.0,0.25,0.25,0.33299999999999996,0.5,0.309,0.355,0.376,1,4,79.3,13.2,2144,86.0,85.03,2,10,10,-1.0,6.01,106,150,117,175,288,324,297
518960,17,Jonathan Lucroy,2019-03-28,17,100.0,0.0,0.0,0.0,0.0,0.23,0.47600000000000003,0.374,0,2,85.2,26.4,2455,88.0,87.55,1,6,11,-0.4,6.01,116,152,127,150,296,311,278
596748,16,Maikel Franco,2019-03-28,16,100.0,0.33299999999999996,1.0,0.0,1.3330000000000002,0.664,0.653,0.371,1,3,84.3,27.5,2319,87.0,86.33,1,8,8,-0.7,6.02,111,154,117,147,298,321,296
518692,16,Freddie Freeman,2019-03-28,16,100.0,0.33299999999999996,0.0,0.33299999999999996,0.33299999999999996,0.391,0.451,0.369,1,3,87.3,13.5,2316,89.4,89.64,1,7,9,0.2,6.61,119,150,148,182,294,328,292
572233,11,Christian Walker,2019-03-28,11,100.0,0.5,1.0,0.33299999999999996,1.5,0.807,0.682,0.368,2,4,86.6,11.4,2124,81.3,81.42,0,5,6,0.1,6.13,111,153,113,142,298,320,289
460075,9,Ryan Braun,2019-03-28,9,100.0,0.25,0.0,0.25,0.25,0.21899999999999997,0.319,0.363,1,4,93.4,-2.7,2386,89.1,89.12,1,6,3,0.0,6.33,98,149,112,145,300,324,296
429665,23,Edwin Encarnacion,2019-03-28,23,100.0,0.5,0.75,0.33299999999999996,1.25,0.718,0.575,0.363,2,4,76.5,16.3,2130,85.8,85.26,2,11,11,-0.5,5.96,115,152,120,150,298,321,284
502110,11,J.D. Martinez,2019-03-28,11,100.0,0.4,0.0,0.5,0.4,0.35,0.33299999999999996,0.361,2,5,88.4,2.5,2281,85.0,84.51,1,7,4,-0.5,5.94,107,154,117,143,299,323,294
605412,10,Joe Panik,2019-03-28,10,100.0,0.0,0.0,0.0,0.0,0.0,0.467,0.355,0,3,88.5,17.2,2073,87.7,86.82,0,4,6,-0.9,5.87,112,153,103,152,273,303,305
641355,14,Cody Bellinger,2019-03-28,14,100.0,0.5,0.75,0.33299999999999996,1.25,0.7170000000000001,0.45899999999999996,0.355,2,4,90.4,24.7,1940,86.9,87.0,2,7,7,0.1,6.02,112,157,126,156,303,333,307
606192,15,Teoscar Hernandez,2019-03-28,15,100.0,0.25,0.0,0.25,0.25,0.21899999999999997,0.301,0.353,1,4,87.7,9.4,2305,88.9,88.09,2,8,7,-0.8,5.86,106,155,118,144,303,327,307
609275,18,Adalberto Mondesi,2019-03-28,18,100.0,0.5,1.0,1.0,1.5,0.78,0.452,0.353,2,4,75.8,17.2,2173,90.5,90.35,3,10,8,-0.2,6.01,92,140,96,137,291,321,298
518792,10,Jason Heyward,2019-03-28,10,100.0,0.4,0.0,0.4,0.4,0.35,0.335,0.353,2,5,89.6,19.4,2313,90.8,89.83,0,7,3,-1.0,6.1,117,155,122,148,295,324,310
656555,22,Rhys Hoskins,2019-03-28,22,100.0,0.33299999999999996,1.0,0.0,1.3330000000000002,0.6709999999999999,0.6629999999999999,0.35200000000000004,1,3,101.0,32.6,2268,89.4,89.09,2,8,14,-0.3,6.16,104,139,109,133,293,324,301
607208,18,Trea Turner,2019-03-28,18,100.0,0.5,0.0,0.667,0.5,0.43799999999999994,0.306,0.349,2,4,89.1,9.7,2432,94.6,95.51,3,9,9,0.9,6.78,96,139,98,141,296,301,284
592348,20,Niko Goodrum,2019-03-28,20,100.0,0.33299999999999996,0.33299999999999996,0.5,0.667,0.48100000000000004,0.48200000000000004,0.348,1,3,101.9,19.0,2648,89.8,88.6,2,5,15,-1.2,5.57,111,148,109,151,297,319,299
542303,18,Marcell Ozuna,2019-03-28,18,100.0,0.25,0.0,0.33299999999999996,0.25,0.21899999999999997,0.32899999999999996,0.345,1,4,81.8,6.4,2199,88.4,87.84,4,9,9,-0.6,6.0,104,152,124,147,299,320,299
624585,15,Jorge Soler,2019-03-28,15,100.0,0.5,0.25,1.0,0.75,0.528,0.406,0.34299999999999997,2,4,95.7,13.4,2138,88.2,87.29,3,7,8,-0.9,5.55,106,150,118,145,291,325,308
430945,17,Adam Jones,2019-03-28,17,100.0,0.5,0.75,0.5,1.25,0.7170000000000001,0.516,0.341,2,4,86.2,22.0,2148,88.4,88.84,2,9,8,0.4,6.42,115,154,113,143,301,317,288
553993,17,Eugenio Suarez,2019-03-28,17,100.0,0.0,0.0,0.0,0.0,0.17300000000000001,0.43200000000000005,0.341,0,3,88.4,6.0,2424,90.9,91.16,3,9,8,0.3,6.28,112,151,119,146,308,321,298
650402,14,Gleyber Torres,2019-03-28,14,100.0,0.33299999999999996,0.0,0.5,0.33299999999999996,0.391,0.391,0.341,1,3,100.2,2.3,2270,87.0,86.3,0,2,12,-0.7,5.81,110,159,124,148,303,329,285
571679,12,David Freitas,2019-03-28,12,100.0,0.0,0.0,0.0,0.0,0.17300000000000001,0.505,0.34,0,2,91.8,8.6,2238,91.7,91.15,1,5,7,-0.5,6.14,113,148,117,147,300,315,281
594011,8,Rosell Herrera,2019-03-28,8,100.0,0.0,0.0,0.0,0.0,0.0,0.337,0.336,0,3,100.6,11.1,2187,90.5,90.52,0,6,2,0.0,6.49,99,155,107,141,311,311,291
543257,11,Robbie Grossman,2019-03-28,11,100.0,0.5,0.0,0.5,0.5,0.43799999999999994,0.308,0.335,2,4,85.8,14.7,2390,85.6,85.04,1,5,6,-0.6,5.95,115,150,109,153,291,332,301
608597,9,Ronald Guzman,2019-03-28,9,100.0,0.0,0.0,0.0,0.0,0.0,0.315,0.331,0,3,93.2,-3.6,2213,87.7,86.05,2,6,3,-1.6,5.64,125,150,125,141,298,324,294
488726,15,Michael Brantley,2019-03-28,15,100.0,0.5,0.75,0.5,1.25,0.7170000000000001,0.527,0.33,2,4,92.8,25.6,2358,88.7,88.61,1,4,11,-0.1,6.32,122,170,112,152,276,318,300
519058,16,Mike Moustakas,2019-03-28,16,100.0,0.33299999999999996,1.0,0.0,1.3330000000000002,0.664,0.601,0.32299999999999995,1,3,84.8,37.6,2381,89.0,88.92,1,8,8,-0.1,6.25,129,176,119,151,297,325,302
453064,20,Troy Tulowitzki,2019-03-28,20,100.0,0.25,0.25,0.33299999999999996,0.5,0.309,0.36700000000000005,0.32299999999999995,1,4,80.5,8.5,2209,89.9,89.09,2,12,8,-0.8,5.78,97,154,122,143,310,330,279
641820,17,Trey Mancini,2019-03-28,17,100.0,0.75,0.25,0.75,1.0,0.746,0.33799999999999997,0.322,3,4,90.1,10.2,1948,87.8,86.9,1,8,9,-0.9,5.64,103,155,120,146,310,318,281
640461,5,Chad Pinder,2019-03-28,5,100.0,0.0,0.0,0.0,0.0,0.0,0.336,0.321,0,2,91.0,38.0,2002,80.3,79.9,0,3,2,-0.4,5.87,103,155,106,144,305,336,289
621514,18,Christin Stewart,2019-03-28,18,100.0,0.25,0.75,0.0,1.0,0.498,0.583,0.321,1,4,89.3,12.1,2631,89.9,88.51,5,11,7,-1.4,5.57,105,146,108,147,287,320,294
443558,14,Nelson Cruz,2019-03-28,14,100.0,0.25,0.0,0.5,0.25,0.21899999999999997,0.386,0.32,1,4,89.6,13.8,2413,84.2,83.44,4,8,6,-0.8,5.88,101,150,122,144,305,316,285
595751,14,Jorge Alfaro,2019-03-28,14,100.0,0.33299999999999996,1.0,0.0,1.3330000000000002,0.6779999999999999,0.575,0.312,1,3,73.6,-5.3,2099,88.7,88.48,4,10,3,-0.2,6.27,127,155,125,146,307,321,293
543068,7,C.J. Cron,2019-03-28,7,100.0,0.33299999999999996,0.0,0.33299999999999996,0.33299999999999996,0.292,0.29,0.312,1,3,88.7,38.1,2456,90.9,90.59,1,4,3,-0.3,6.07,100,149,121,144,309,311,278
543228,13,Yan Gomes,2019-03-28,13,100.0,0.33299999999999996,0.0,1.0,0.33299999999999996,0.292,0.28600000000000003,0.309,1,3,78.2,46.9,2455,92.4,92.56,2,6,7,0.2,6.36,108,153,113,145,297,308,291
657145,8,Mark Zagunis,2019-03-28,8,100.0,0.5,0.5,0.5,1.0,0.618,0.294,0.308,1,2,85.0,0.0,2494,87.8,86.24,0,3,5,-1.6,5.61,90,142,104,139,298,325,297
596115,22,Trevor Story,2019-03-28,22,100.0,0.33299999999999996,1.0,0.0,1.3330000000000002,0.6709999999999999,0.46799999999999997,0.308,1,3,85.5,12.3,2271,90.2,88.98,2,12,10,-1.2,5.74,108,152,121,149,303,317,302
621020,18,Dansby Swanson,2019-03-28,18,100.0,0.33299999999999996,0.33299999999999996,0.5,0.667,0.48100000000000004,0.373,0.308,1,3,90.1,6.3,2235,86.3,85.84,2,6,12,-0.5,6.23,102,149,110,144,291,319,273
519317,24,Giancarlo Stanton,2019-03-28,24,100.0,0.33299999999999996,0.0,0.5,0.33299999999999996,0.451,0.45299999999999996,0.307,1,3,89.4,9.0,2215,88.5,87.08,2,7,17,-1.4,5.5,100,152,123,145,317,332,290
621439,8,Byron Buxton,2019-03-28,8,100.0,0.33299999999999996,0.33299999999999996,0.33299999999999996,0.667,0.41200000000000003,0.385,0.305,1,3,102.8,34.1,2543,85.6,84.79,0,4,4,-0.8,5.69,95,149,102,143,300,301,275
660162,11,Yoan Moncada,2019-03-28,11,100.0,0.33299999999999996,0.0,0.33299999999999996,0.33299999999999996,0.391,0.436,0.305,1,3,98.1,13.7,2122,89.4,88.66,0,3,8,-0.7,5.66,108,145,131,118,308,322,314
571466,16,Tucker Barnhart,2019-03-28,16,100.0,0.0,0.0,0.0,0.0,0.17300000000000001,0.39399999999999996,0.301,0,3,91.0,-1.7,2465,90.2,90.11,0,4,12,-0.1,6.03,116,142,126,151,279,319,297
570731,8,Jonathan Schoop,2019-03-28,8,100.0,0.0,0.0,0.0,0.0,0.24,0.49700000000000005,0.3,0,2,85.0,18.7,2492,85.6,84.28,3,5,2,-1.3,5.5,101,148,119,146,296,305,283
543543,14,Brad Miller,2019-03-28,14,100.0,0.33299999999999996,0.0,1.0,0.33299999999999996,0.292,0.28,0.3,1,3,83.0,44.3,2386,88.4,88.37,2,5,9,0.0,6.28,122,150,108,153,289,305,300
643265,27,Garrett Cooper,2019-03-28,27,100.0,0.0,0.0,0.0,0.0,0.0,0.38299999999999995,0.297,0,4,84.5,4.4,2248,89.2,89.01,1,16,11,-0.2,6.28,116,155,122,144,308,327,296
456488,11,Eduardo Nunez,2019-03-28,11,100.0,0.25,0.25,0.33299999999999996,0.5,0.309,0.306,0.295,1,4,92.9,7.2,2229,84.0,83.29,2,8,3,-0.7,5.89,107,154,108,145,289,314,283
594809,14,Adam Eaton,2019-03-28,14,100.0,0.33299999999999996,0.0,0.5,0.33299999999999996,0.39899999999999997,0.397,0.289,1,3,84.6,18.8,2223,92.3,92.64,1,5,8,0.3,6.37,108,137,95,144,289,298,287
596146,9,Max Kepler,2019-03-28,9,100.0,0.0,0.0,0.0,0.0,0.0,0.36200000000000004,0.289,0,4,94.9,12.8,2232,86.0,85.3,1,5,4,-0.7,5.91,112,147,100,151,287,301,292
596105,16,Dwight Smith Jr,2019-03-28,16,100.0,0.33299999999999996,0.0,0.33299999999999996,0.33299999999999996,0.292,0.295,0.28800000000000003,1,3,86.7,1.8,1905,85.4,84.73,1,8,8,-0.7,5.7,126,154,107,150,288,309,283
623520,23,David Bote,2019-03-28,23,100.0,0.5,0.25,0.5,0.75,0.5660000000000001,0.353,0.28300000000000003,2,4,81.9,19.1,2259,91.3,90.6,0,6,16,-0.7,6.11,105,154,115,147,306,326,300
500871,15,Eduardo Escobar,2019-03-28,15,100.0,0.5,0.25,0.667,0.75,0.528,0.24,0.281,2,4,83.4,19.3,2169,87.1,87.41,2,8,7,0.3,6.33,108,153,121,144,288,315,284
545350,22,Jake Marisnick,2019-03-28,22,100.0,0.33299999999999996,0.0,0.5,0.33299999999999996,0.391,0.381,0.27699999999999997,1,3,81.7,14.0,2239,88.8,88.4,2,9,13,-0.4,6.24,96,150,108,137,285,323,291
643446,13,Jeff McNeil,2019-03-28,13,100.0,0.0,0.0,0.0,0.0,0.17300000000000001,0.369,0.27699999999999997,0,3,92.5,11.3,2302,89.9,89.16,0,5,8,-0.7,5.99,117,149,95,154,297,300,302
543877,18,Christian Vazquez,2019-03-28,18,100.0,0.25,0.25,0.33299999999999996,0.5,0.309,0.316,0.275,1,4,79.3,11.8,2253,85.1,84.13,1,8,10,-1.0,5.75,105,148,112,141,293,305,277
628356,25,Jung Ho Kang,2019-03-28,25,100.0,0.33299999999999996,0.0,1.0,0.33299999999999996,0.391,0.35700000000000004,0.273,1,3,80.6,30.3,2174,88.6,87.79,4,10,15,-0.8,5.65,119,150,121,144,287,314,294
455976,13,Nick Markakis,2019-03-28,13,100.0,0.25,0.0,0.33299999999999996,0.25,0.21899999999999997,0.254,0.272,1,4,97.4,21.9,2450,88.4,88.34,1,5,8,-0.1,6.46,108,142,113,148,291,319,294
452678,13,Asdrubal Cabrera,2019-03-28,13,100.0,0.0,0.0,0.0,0.0,0.0,0.305,0.272,0,4,86.6,15.3,2123,90.9,89.42,0,5,8,-1.5,5.78,111,155,122,137,305,324,287
621446,11,Lewis Brinson,2019-03-28,11,100.0,0.0,0.0,0.0,0.0,0.0,0.308,0.271,0,4,97.2,-0.2,2201,89.9,89.92,1,6,5,0.0,6.42,95,156,108,144,314,320,294
465041,16,Francisco Cervelli,2019-03-28,16,100.0,0.25,0.0,0.33299999999999996,0.25,0.21899999999999997,0.276,0.268,1,4,91.9,33.3,2155,90.5,89.31,1,5,11,-1.2,5.51,114,150,120,145,296,325,297
457705,26,Andrew McCutchen,2019-03-28,26,100.0,0.25,0.75,0.0,1.0,0.537,0.539,0.266,1,4,88.0,19.8,2451,88.9,88.17,2,9,17,-0.7,6.07,110,154,116,149,298,318,289
456715,16,Lorenzo Cain,2019-03-28,16,100.0,0.25,0.0,0.33299999999999996,0.25,0.21899999999999997,0.247,0.265,1,4,73.4,8.4,2355,91.2,91.34,0,6,10,0.1,6.35,105,147,106,147,293,313,281
592273,14,Brandon Drury,2019-03-28,14,100.0,0.25,0.0,0.25,0.25,0.21899999999999997,0.294,0.265,1,4,91.8,27.7,2303,88.9,88.19,1,7,7,-0.7,5.92,108,155,116,145,292,320,300
594953,14,Daniel Palka,2019-03-28,14,100.0,0.0,0.0,0.0,0.0,0.17300000000000001,0.37799999999999995,0.265,0,3,82.7,-0.5,2344,91.5,91.17,2,5,9,-0.3,5.86,126,172,145,134,312,335,321
645302,18,Victor Robles,2019-03-28,18,100.0,0.33299999999999996,0.33299999999999996,0.5,0.667,0.41200000000000003,0.309,0.263,1,3,76.2,21.8,2252,93.5,93.65,1,7,11,0.2,6.3,109,140,100,142,298,305,287
543333,9,Eric Hosmer,2019-03-28,9,100.0,0.0,0.0,0.0,0.0,0.0,0.262,0.263,0,3,87.4,8.7,2427,87.5,87.11,2,6,3,-0.4,6.11,122,149,124,146,289,325,301
425844,2,Zack Greinke,2019-03-28,2,100.0,0.0,0.0,0.0,0.0,0.0,0.598,0.262,0,1,89.6,-13.1,2409,81.6,81.98,1,2,0,0.4,6.43,118,159,113,147,292,311,287
600869,16,Jeimer Candelario,2019-03-28,16,100.0,0.25,0.0,0.33299999999999996,0.25,0.21899999999999997,0.243,0.262,1,4,86.6,8.2,2526,91.1,89.65,3,9,7,-1.5,5.52,109,157,113,153,290,321,294
593428,16,Xander Bogaerts,2019-03-28,16,100.0,0.25,0.25,0.33299999999999996,0.5,0.309,0.23600000000000002,0.258,1,4,91.7,12.9,2354,85.7,84.81,1,7,9,-0.9,5.7,113,149,116,142,292,312,280
543829,16,Dee Gordon,2019-03-28,16,100.0,0.25,0.0,0.33299999999999996,0.25,0.21899999999999997,0.23,0.256,1,4,74.8,19.0,2179,87.1,86.51,2,7,9,-0.6,5.98,107,137,92,136,272,313,294
660670,21,Ronald Acuna Jr.,2019-03-28,21,100.0,0.5,0.0,0.5,0.5,0.564,0.46399999999999997,0.255,1,2,89.8,2.3,2313,87.6,87.59,2,7,14,0.0,6.49,101,148,117,142,297,320,283
501981,15,Khris Davis,2019-03-28,15,100.0,0.25,0.75,0.0,1.0,0.498,0.48100000000000004,0.253,1,4,87.7,16.5,2435,88.4,88.28,4,10,5,-0.1,6.18,95,153,116,144,308,339,294
592206,10,Nicholas Castellanos,2019-03-28,10,100.0,0.33299999999999996,0.0,0.5,0.33299999999999996,0.391,0.34299999999999997,0.253,1,3,100.8,-8.0,2518,91.5,89.94,2,4,6,-1.6,5.5,108,151,128,149,317,337,286
475582,12,Ryan Zimmerman,2019-03-28,12,100.0,0.0,0.0,0.0,0.0,0.0,0.275,0.251,0,4,98.1,24.9,2427,94.1,94.83,3,6,6,0.7,6.8,114,150,119,148,304,320,289
543760,18,Marcus Semien,2019-03-28,18,100.0,0.33299999999999996,1.0,0.0,1.3330000000000002,0.664,0.45899999999999996,0.25,1,3,87.8,21.6,2092,87.0,86.9,1,7,11,-0.1,6.13,106,155,112,143,304,337,293
643217,19,Andrew Benintendi,2019-03-28,19,100.0,0.25,0.0,0.25,0.25,0.175,0.21600000000000003,0.249,1,4,81.4,21.4,2275,85.5,84.26,2,11,8,-1.2,5.57,125,150,110,149,283,310,296
624413,21,Pete Alonso,2019-03-28,21,100.0,0.25,0.0,0.5,0.25,0.21899999999999997,0.222,0.243,1,4,72.8,22.9,2412,91.2,90.79,4,11,10,-0.4,6.13,98,151,121,148,307,306,299
641343,10,Jake Bauers,2019-03-28,10,100.0,0.0,0.0,0.0,0.0,0.0,0.187,0.242,0,3,80.5,24.6,2241,85.8,85.74,0,5,5,-0.1,6.29,123,175,128,154,284,313,295
592450,24,Aaron Judge,2019-03-28,24,100.0,0.667,0.0,1.0,0.667,0.626,0.409,0.239,2,3,91.0,12.3,2162,88.2,86.78,2,7,17,-1.4,5.45,101,155,124,147,319,339,294
457759,17,Justin Turner,2019-03-28,17,100.0,0.0,0.0,0.0,0.0,0.0,0.244,0.23800000000000002,0,5,74.1,24.5,2233,88.5,88.44,0,9,8,-0.1,6.0,113,150,118,149,302,328,304
543768,19,Travis Shaw,2019-03-28,19,100.0,0.0,0.0,0.0,0.0,0.0,0.25,0.235,0,4,88.7,31.5,2405,89.0,88.75,0,8,11,-0.2,6.19,129,173,121,151,296,321,297
518626,19,Josh Donaldson,2019-03-28,19,100.0,0.0,0.0,0.0,0.0,0.17300000000000001,0.368,0.233,0,3,77.2,-8.3,2279,87.8,88.04,3,6,13,0.2,6.53,111,154,122,146,296,324,287
643376,9,Danny Jansen,2019-03-28,9,100.0,0.0,0.0,0.0,0.0,0.0,0.41700000000000004,0.233,0,3,84.4,10.9,2469,92.0,91.63,1,4,5,-0.4,6.28,97,155,118,147,286,332,318
516770,16,Starlin Castro,2019-03-28,16,100.0,0.25,0.0,0.33299999999999996,0.25,0.21899999999999997,0.222,0.23199999999999998,1,4,88.9,10.9,2117,88.5,88.4,0,6,10,-0.1,6.38,128,156,119,145,309,317,295
665487,9,Fernando Tatis Jr.,2019-03-28,9,100.0,0.667,0.0,1.0,0.667,0.583,0.212,0.231,2,3,61.9,3.7,2481,85.6,84.99,2,4,5,-0.6,6.05,112,150,127,129,298,319,288
502517,19,Daniel Murphy,2019-03-28,19,100.0,0.0,0.0,0.0,0.0,0.0,0.264,0.228,0,5,88.1,29.3,2157,91.1,89.55,0,10,9,-1.6,5.5,115,159,173,148,292,316,310
646240,16,Rafael Devers,2019-03-28,16,100.0,0.2,0.0,0.33299999999999996,0.2,0.175,0.222,0.225,1,5,89.0,12.1,2237,88.2,87.37,6,10,6,-0.8,5.81,97,144,115,146,289,318,296
572039,10,Stephen Piscotty,2019-03-28,10,100.0,0.25,0.25,0.33299999999999996,0.5,0.309,0.215,0.223,1,4,82.7,10.2,2369,87.9,87.37,2,7,3,-0.5,6.1,97,153,114,142,302,342,298
405395,13,Albert Pujols,2019-03-28,13,100.0,0.0,0.0,0.0,0.0,0.18,0.39799999999999996,0.221,0,3,92.0,11.3,2512,86.0,84.74,1,6,6,-1.3,5.61,112,153,126,146,302,323,302
570560,15,Yolmer Sanchez,2019-03-28,15,100.0,0.0,0.0,0.0,0.0,0.0,0.231,0.221,0,4,89.7,18.7,2201,87.9,87.42,0,6,9,-0.5,5.83,119,152,95,144,293,316,309
595885,16,Greg Bird,2019-03-28,16,100.0,0.25,0.75,,1.0,0.498,0.433,0.22,1,4,101.4,36.7,2021,87.0,85.76,3,5,11,-1.2,5.62,118,165,156,144,303,332,291
640457,13,Austin Meadows,2019-03-28,13,100.0,0.25,0.75,0.0,1.0,0.498,0.38299999999999995,0.22,1,4,95.4,26.3,2605,87.4,85.84,3,7,6,-1.6,5.67,121,152,101,152,284,319,300
592743,14,Andrelton Simmons,2019-03-28,14,100.0,0.0,0.0,0.0,0.0,0.17300000000000001,0.384,0.21899999999999997,0,3,83.5,14.1,2370,91.9,90.97,1,4,10,-0.9,5.82,116,152,119,144,294,312,297
608324,18,Alex Bregman,2019-03-28,18,100.0,0.0,0.0,0.0,0.0,0.0,0.20199999999999999,0.218,0,4,81.6,33.7,2227,88.4,87.94,1,9,9,-0.5,6.24,110,158,112,145,290,320,292
605137,19,Josh Bell,2019-03-28,19,100.0,0.25,0.0,0.5,0.25,0.21899999999999997,0.203,0.214,1,4,81.1,39.9,2128,90.4,89.05,4,9,10,-1.4,5.48,123,151,112,147,285,309,308
657656,6,Ramon Laureano,2019-03-28,6,100.0,0.0,0.0,0.0,0.0,0.0,0.38,0.20600000000000002,0,3,97.7,31.8,2229,84.8,84.59,1,3,3,-0.2,5.99,105,155,105,143,304,337,291
614177,11,Franmil Reyes,2019-03-28,11,100.0,0.0,0.0,0.0,0.0,0.0,0.24100000000000002,0.204,0,3,95.8,4.0,2249,86.3,85.99,1,8,3,-0.3,6.21,102,148,116,144,299,319,270
467793,15,Carlos Santana,2019-03-28,15,100.0,0.0,0.0,0.0,0.0,0.23,0.494,0.204,0,2,98.4,15.9,2155,87.4,87.55,2,6,9,0.1,6.48,122,184,131,152,291,312,294
571970,11,Max Muncy,2019-03-28,11,100.0,0.25,0.75,0.0,1.0,0.498,0.327,0.203,1,4,87.6,31.6,2143,85.9,85.93,1,5,6,0.0,6.08,123,172,126,156,301,335,310
600524,7,Renato Nunez,2019-03-28,7,100.0,0.0,0.0,0.0,0.0,0.0,0.218,0.20199999999999999,0,1,88.6,21.9,2255,89.4,89.85,0,2,5,0.4,6.71,86,153,108,143,295,309,271
455139,20,Robinson Chirinos,2019-03-28,20,100.0,0.33299999999999996,0.33299999999999996,0.5,0.667,0.48100000000000004,0.387,0.201,1,3,92.1,8.2,2243,88.2,87.79,3,8,12,-0.4,6.16,106,158,112,145,282,325,296
475174,20,Yonder Alonso,2019-03-28,20,100.0,0.0,0.0,0.0,0.0,0.17300000000000001,0.35200000000000004,0.201,0,3,74.1,-4.8,2210,92.7,92.71,2,9,11,0.0,6.23,112,151,124,136,311,335,313
543510,9,James McCann,2019-03-28,9,100.0,0.0,0.0,0.0,0.0,0.0,0.33799999999999997,0.201,0,3,83.1,9.4,2256,93.3,93.3,0,4,5,0.0,6.13,116,155,126,144,308,330,304
543807,21,George Springer,2019-03-28,21,100.0,0.2,0.6,0.0,0.8,0.39899999999999997,0.379,0.201,1,5,88.9,41.8,2195,89.3,88.95,4,10,11,-0.4,6.27,107,159,110,147,291,330,300
578428,8,Jose Iglesias,2019-03-28,8,100.0,0.667,0.667,0.667,1.3330000000000002,0.823,0.22,0.201,2,3,89.7,9.9,2454,90.5,90.64,0,6,2,0.1,6.23,85,147,114,145,304,320,279
572761,23,Matt Carpenter,2019-03-28,23,100.0,0.0,0.0,0.0,0.0,0.0,0.20199999999999999,0.19899999999999998,0,4,79.3,16.3,1871,84.6,83.37,3,10,12,-1.2,5.64,117,154,120,195,299,324,301
642708,20,Amed Rosario,2019-03-28,20,100.0,0.25,0.0,0.5,0.25,0.21899999999999997,0.21100000000000002,0.19699999999999998,1,4,83.7,-2.7,2312,89.4,89.05,4,11,9,-0.4,6.03,107,152,107,151,321,312,291
572816,29,Corey Dickerson,2019-03-28,29,100.0,0.25,0.75,0.0,1.0,0.537,0.295,0.196,1,4,80.7,29.4,2171,89.9,88.86,2,16,13,-1.0,5.66,129,164,113,147,272,303,302
570481,12,Erik Gonzalez,2019-03-28,12,100.0,0.25,0.0,0.25,0.25,0.21899999999999997,0.16399999999999998,0.193,1,4,85.5,2.0,2262,90.6,89.28,1,8,4,-1.3,5.53,106,146,105,143,289,303,286
408234,10,Miguel Cabrera,2019-03-28,10,100.0,0.0,0.0,0.0,0.0,0.0,0.158,0.192,0,4,95.0,-11.9,2463,91.9,90.56,2,6,4,-1.3,5.62,97,148,128,148,318,337,287
665742,21,Juan Soto,2019-03-28,21,100.0,0.0,0.0,0.0,0.0,0.17300000000000001,0.35100000000000003,0.18899999999999997,0,3,93.2,15.7,2260,93.2,94.21,5,7,14,1.0,6.89,118,144,110,143,286,307,299
666971,7,Lourdes Gurriel Jr.,2019-03-28,7,100.0,0.0,0.0,0.0,0.0,0.0,0.225,0.188,0,4,73.9,31.8,2483,87.9,87.39,0,4,3,-0.5,6.03,109,154,118,148,293,319,309
458015,8,Joey Votto,2019-03-28,8,100.0,0.25,0.25,0.25,0.5,0.309,0.23399999999999999,0.187,1,4,90.8,28.6,2385,90.6,90.55,1,6,2,0.0,6.03,113,144,124,149,296,323,302
457803,18,Jay Bruce,2019-03-28,18,100.0,0.0,0.0,0.0,0.0,0.17300000000000001,0.304,0.187,0,3,86.5,17.5,2167,84.8,84.11,5,9,9,-0.7,5.89,103,165,133,148,291,319,294
542583,19,Jesus Aguilar,2019-03-28,19,100.0,0.0,0.0,0.0,0.0,0.0,0.259,0.18100000000000002,0,4,93.3,32.9,2405,90.8,90.91,4,8,11,0.1,6.28,109,153,113,146,302,326,290
571448,14,Nolan Arenado,2019-03-28,14,100.0,0.2,0.2,0.2,0.4,0.247,0.192,0.179,1,5,81.0,25.2,2342,89.7,88.27,0,5,9,-1.4,5.63,108,152,121,150,304,318,305
518735,9,Yasmani Grandal,2019-03-28,9,100.0,0.0,0.0,0.0,0.0,0.0,0.147,0.177,0,3,84.1,-2.1,2494,85.2,84.98,1,5,4,-0.2,6.17,129,177,155,151,292,325,301
435079,14,Ian Kinsler,2019-03-28,14,100.0,0.25,0.25,0.33299999999999996,0.5,0.309,0.213,0.175,1,4,86.9,17.1,2301,87.8,86.93,1,7,7,-0.9,6.02,108,147,111,145,297,317,285
643603,13,Tyler White,2019-03-28,13,100.0,0.25,0.0,0.33299999999999996,0.25,0.21899999999999997,0.145,0.17,1,4,79.1,-12.2,2304,86.4,85.91,4,8,5,-0.5,6.11,102,157,112,145,285,325,289
621453,13,Steven Duggar,2019-03-28,13,100.0,0.0,0.0,0.0,0.0,0.0,0.16699999999999998,0.168,0,4,77.1,31.3,2096,89.5,88.63,0,5,8,-0.9,5.9,114,148,96,151,275,302,313
543063,10,Brandon Crawford,2019-03-28,10,100.0,0.33299999999999996,0.0,0.33299999999999996,0.33299999999999996,0.292,0.16399999999999998,0.166,1,3,89.5,13.5,2087,89.3,88.03,0,4,6,-1.3,5.91,118,150,109,154,288,310,317
458731,18,Brett Gardner,2019-03-28,18,100.0,0.0,0.0,0.0,0.0,0.138,0.292,0.165,0,4,82.8,25.7,2142,87.9,86.24,1,5,13,-1.7,5.37,112,155,99,153,286,321,297
452254,9,Hunter Pence,2019-03-28,9,100.0,0.25,0.0,0.25,0.25,0.21899999999999997,0.149,0.154,1,4,100.0,1.4,2317,87.3,86.69,1,6,3,-0.6,5.96,109,152,111,147,303,323,291
598265,13,Jackie Bradley Jr.,2019-03-28,13,100.0,0.25,0.0,0.33299999999999996,0.25,0.21899999999999997,0.12,0.151,1,4,83.7,7.4,2182,86.4,85.35,1,7,6,-1.0,5.72,119,149,106,148,295,316,297
544725,23,Leury Garcia,2019-03-28,23,100.0,0.25,0.0,0.25,0.25,0.21899999999999997,0.16399999999999998,0.149,1,4,84.0,8.9,2321,91.2,90.79,1,14,9,-0.4,5.74,121,152,100,144,296,319,308
572821,9,Brian Dozier,2019-03-28,9,100.0,0.0,0.0,0.0,0.0,0.0,0.21,0.146,0,3,90.2,20.4,2601,92.1,92.41,4,6,3,0.3,6.36,103,152,111,145,298,308,289
606466,16,Ketel Marte,2019-03-28,16,100.0,0.0,0.0,0.0,0.0,0.0,0.17600000000000002,0.145,0,3,80.4,14.1,2199,88.7,89.1,1,5,9,0.4,6.31,110,152,117,149,289,317,287
596847,20,Ji-Man Choi,2019-03-28,20,100.0,0.0,0.0,0.0,0.0,0.0,0.132,0.145,0,4,85.4,0.5,2457,89.8,88.4,3,10,10,-1.4,5.81,114,175,118,153,284,319,301
664068,6,Scott Kingery,2019-03-28,6,100.0,0.0,0.0,0.0,0.0,0.0,0.091,0.139,0,1,92.9,-16.8,2400,88.8,88.07,2,3,3,-0.7,6.12,110,156,104,149,302,318,285
527038,13,Wilmer Flores,2019-03-28,13,100.0,0.25,0.25,0.5,0.5,0.309,0.121,0.139,1,4,72.8,36.7,2125,87.8,88.32,2,7,6,0.5,6.45,102,152,114,142,295,316,282
594798,6,Jacob deGrom,2019-03-28,6,100.0,0.0,0.0,0.0,0.0,0.0,0.161,0.136,0,2,84.7,35.1,2271,92.0,91.12,2,4,2,-0.9,5.9,122,148,103,154,300,306,298
607680,14,Kevin Pillar,2019-03-28,14,100.0,0.0,0.0,0.0,0.0,0.0,0.11599999999999999,0.135,0,4,79.2,20.7,2407,89.7,88.78,2,9,5,-0.9,5.82,109,154,115,148,293,323,313
444482,15,David Peralta,2019-03-28,15,100.0,0.25,0.0,0.33299999999999996,0.25,0.21899999999999997,0.125,0.131,1,4,81.1,22.5,1948,87.1,87.74,0,8,7,0.6,6.51,112,150,125,143,287,318,299
643524,17,Frank Schwindel,2019-03-28,17,100.0,0.0,0.0,0.0,0.0,0.0,0.11,0.129,0,4,75.6,20.0,2217,90.1,89.43,0,9,8,-0.7,5.67,119,148,114,141,286,317,302
453568,21,Charlie Blackmon,2019-03-28,21,100.0,0.0,0.0,0.0,0.0,0.0,0.122,0.129,0,5,85.2,41.3,2254,90.9,89.61,2,12,8,-1.3,5.67,113,148,171,135,292,320,307
519048,16,Mitch Moreland,2019-03-28,16,100.0,0.0,0.0,0.0,0.0,0.17300000000000001,0.293,0.127,0,3,76.7,6.7,2264,85.6,84.91,1,8,8,-0.7,5.91,121,171,123,149,289,317,295
605480,21,Mallex Smith,2019-03-28,21,100.0,0.2,0.4,0.33299999999999996,0.6,0.312,0.166,0.127,1,5,83.9,20.5,2258,88.0,87.47,3,8,13,-0.5,6.07,112,139,93,140,284,314,291
500743,15,Miguel Rojas,2019-03-28,15,100.0,0.0,0.0,0.0,0.0,0.17300000000000001,0.27699999999999997,0.125,0,3,66.9,-6.4,2108,85.8,85.55,1,5,10,-0.2,6.21,116,153,113,145,308,314,291
608070,8,Jose Ramirez,2019-03-28,8,100.0,0.0,0.0,0.0,0.0,0.0,0.111,0.121,0,4,66.7,27.1,2174,89.4,89.46,0,5,3,0.1,6.43,120,163,116,148,293,313,292
572033,13,Josh Phegley,2019-03-28,13,100.0,0.0,0.0,0.0,0.0,0.0,0.12,0.121,0,3,88.7,37.0,2363,85.9,85.49,2,8,5,-0.4,5.95,108,155,116,147,307,338,288
571506,11,Justin Bour,2019-03-28,11,100.0,0.0,0.0,0.0,0.0,0.0,0.12,0.11900000000000001,0,4,89.0,10.8,2308,87.5,86.4,0,5,6,-1.1,5.55,109,145,118,157,297,324,310
645277,15,Ozzie Albies,2019-03-28,15,100.0,0.25,0.0,0.25,0.25,0.21899999999999997,0.12,0.11800000000000001,1,4,79.0,15.0,2101,87.2,87.31,1,7,8,0.1,6.49,111,151,100,160,294,317,292
546991,22,Albert Almora Jr.,2019-03-28,22,100.0,0.33299999999999996,0.0,0.667,0.33299999999999996,0.292,0.099,0.11800000000000001,2,6,90.5,11.6,2195,87.4,86.23,4,12,10,-1.2,5.92,106,155,114,147,297,324,303
425877,16,Yadier Molina,2019-03-28,16,100.0,0.0,0.0,0.0,0.0,0.0,0.166,0.11599999999999999,0,4,81.6,30.8,2140,89.0,88.78,1,7,9,-0.2,6.11,112,150,119,148,297,313,296
664040,18,Brandon Lowe,2019-03-28,18,100.0,0.0,0.0,0.0,0.0,0.0,0.092,0.11599999999999999,0,4,81.4,13.7,2618,86.8,85.39,3,11,7,-1.4,5.67,110,152,117,153,277,316,308
435263,13,Brian McCann,2019-03-28,13,100.0,0.33299999999999996,0.0,0.33299999999999996,0.33299999999999996,0.391,0.254,0.11599999999999999,1,3,87.1,-21.4,2026,87.5,86.94,0,3,10,-0.6,6.04,120,152,147,156,296,325,284
467055,6,Pablo Sandoval,2019-03-28,6,100.0,0.0,0.0,0.0,0.0,0.0,0.055999999999999994,0.114,0,1,97.9,-19.6,2093,90.4,91.13,1,3,3,0.7,6.58,130,153,122,155,277,307,313
547982,13,Leonys Martin,2019-03-28,13,100.0,0.25,0.25,0.5,0.5,0.309,0.10300000000000001,0.113,1,4,84.8,44.5,2158,88.7,88.76,4,8,4,0.1,6.35,109,166,102,153,279,306,293
595777,9,Jurickson Profar,2019-03-28,9,100.0,0.25,0.5,0.25,0.75,0.39,0.163,0.113,1,4,88.1,32.8,2414,86.0,85.37,0,6,3,-0.6,5.92,113,150,106,153,291,336,301
642133,16,Rowdy Tellez,2019-03-28,16,100.0,0.0,0.0,0.0,0.0,0.23,0.281,0.11199999999999999,0,2,88.2,14.3,2437,87.0,86.37,3,6,10,-0.6,5.94,120,172,129,153,285,325,314
624577,22,Yasiel Puig,2019-03-28,22,100.0,0.0,0.0,0.0,0.0,0.0,0.078,0.11199999999999999,0,4,80.1,14.9,2403,90.4,90.33,2,11,11,-0.1,6.12,108,151,120,143,308,325,297
545341,10,Randal Grichuk,2019-03-28,10,100.0,0.0,0.0,0.0,0.0,0.0,0.11,0.11199999999999999,0,4,77.7,1.6,2246,88.4,87.69,2,7,3,-0.7,5.89,100,153,114,147,295,332,313
518614,1,Daniel Descalso,2019-03-28,1,100.0,0.0,0.0,0.0,0.0,0.0,0.20800000000000002,0.11,0,1,95.4,37.1,2193,91.3,90.25,0,1,0,-1.0,6.17,122,170,123,152,298,323,309
547004,12,Rio Ruiz,2019-03-28,12,100.0,0.33299999999999996,0.0,1.0,0.33299999999999996,0.292,0.084,0.11,1,3,100.3,-8.9,2332,85.9,85.55,1,3,9,-0.3,5.97,127,177,110,150,289,309,283
656941,12,Kyle Schwarber,2019-03-28,12,100.0,0.33299999999999996,0.33299999999999996,0.5,0.667,0.41200000000000003,0.114,0.106,1,3,77.6,12.2,1831,89.3,88.71,0,5,7,-0.6,6.27,108,165,130,149,297,327,309
572073,14,Joey Rickard,2019-03-28,14,100.0,0.0,0.0,0.0,0.0,0.0,0.096,0.105,0,4,78.3,33.8,2353,88.1,88.08,2,8,6,0.0,6.31,100,153,102,143,299,311,271
543685,16,Anthony Rendon,2019-03-28,16,100.0,0.0,0.0,0.0,0.0,0.0,0.084,0.10300000000000001,0,4,80.3,18.8,2253,92.0,93.14,1,10,6,1.1,6.81,94,138,109,139,296,303,289
593871,15,Jorge Polanco,2019-03-28,15,100.0,0.0,0.0,0.0,0.0,0.18,0.258,0.10099999999999999,0,3,92.8,33.2,2391,87.1,86.29,3,7,7,-0.8,5.8,110,147,96,151,283,302,286
519346,3,Eric Thames,2019-03-28,3,100.0,1.0,0.0,1.0,1.0,0.875,0.115,0.098,1,1,76.8,35.2,2572,86.2,86.39,0,1,2,0.2,6.3,129,174,154,138,300,333,301
600303,14,Tommy La Stella,2019-03-28,14,100.0,0.33299999999999996,0.33299999999999996,0.33299999999999996,0.667,0.41200000000000003,0.12300000000000001,0.09699999999999999,1,3,84.1,54.6,2472,85.4,84.18,2,7,7,-1.2,5.62,104,152,123,153,279,302,301
547180,14,Bryce Harper,2019-03-28,14,100.0,0.0,0.0,0.0,0.0,0.0,0.10800000000000001,0.095,0,3,84.2,2.3,2631,84.5,83.66,4,6,8,-0.8,5.8,117,148,117,155,291,325,299
474832,17,Brandon Belt,2019-03-28,17,100.0,0.0,0.0,0.0,0.0,0.0,0.111,0.094,0,4,83.9,30.8,2103,89.5,88.3,3,9,8,-1.2,5.66,131,166,118,156,285,315,310
546318,10,Odubel Herrera,2019-03-28,10,100.0,0.25,0.0,0.33299999999999996,0.25,0.21899999999999997,0.09,0.094,1,4,94.6,-16.0,2424,87.6,87.08,3,6,4,-0.5,6.06,100,145,97,151,283,317,304
451594,16,Dexter Fowler,2019-03-28,16,100.0,0.0,0.0,0.0,0.0,0.17300000000000001,0.23600000000000002,0.091,0,3,74.5,48.7,2272,87.8,87.27,3,8,8,-0.5,5.94,121,154,120,177,294,317,301
445988,10,Martin Prado,2019-03-28,10,100.0,0.0,0.0,0.0,0.0,0.0,0.07,0.09,0,4,71.4,23.9,2231,88.3,87.61,0,6,4,-0.7,5.96,122,155,122,146,313,321,291
605119,14,Brian Anderson,2019-03-28,14,100.0,0.0,0.0,0.0,0.0,0.0,0.075,0.08900000000000001,0,4,81.3,1.2,2236,89.6,89.19,2,8,6,-0.4,6.22,118,156,121,144,318,323,298
594988,10,Scott Schebler,2019-03-28,10,100.0,0.0,0.0,0.0,0.0,0.0,0.07,0.08900000000000001,0,4,62.5,23.7,2447,90.9,90.71,3,7,2,-0.2,5.89,115,142,132,150,288,323,304
606115,9,Orlando Arcia,2019-03-28,9,100.0,0.0,0.0,0.0,0.0,0.0,0.055,0.08800000000000001,0,3,71.2,-24.4,2436,85.1,84.94,2,5,4,-0.2,6.17,109,150,100,147,295,311,284
592518,15,Manny Machado,2019-03-28,15,100.0,0.0,0.0,0.0,0.0,0.0,0.051,0.087,0,3,70.3,-3.4,2073,86.6,86.17,4,9,6,-0.4,6.26,99,145,116,141,304,322,289
592387,20,Ryon Healy,2019-03-28,20,100.0,0.25,0.75,0.0,1.0,0.537,0.221,0.086,1,4,84.1,48.4,2280,83.3,82.56,2,6,14,-0.7,5.91,115,148,118,145,299,321,281
547989,9,Jose Abreu,2019-03-28,9,100.0,0.25,0.0,0.25,0.25,0.21899999999999997,0.08,0.085,1,4,84.1,21.0,1942,92.3,92.06,0,5,4,-0.2,5.96,111,154,126,143,319,337,316
500208,6,Yangervis Solarte,2019-03-28,6,100.0,0.0,0.0,0.0,0.0,0.0,0.10099999999999999,0.077,0,1,94.0,-26.0,2174,83.8,83.37,1,2,4,-0.4,6.07,131,162,110,154,281,306,305
520471,9,Freddy Galvis,2019-03-28,9,100.0,0.0,0.0,0.0,0.0,0.0,0.067,0.077,0,3,69.9,-18.5,2263,88.6,88.37,2,5,4,-0.2,6.14,112,150,104,153,276,321,309
605400,7,Aaron Nola,2019-03-28,7,100.0,0.0,0.0,0.0,0.0,0.0,0.085,0.077,0,2,89.3,4.4,2416,87.7,86.9,1,3,4,-0.8,5.92,118,151,106,151,290,297,271
623515,3,Drew Jackson,2019-03-28,3,100.0,0.0,0.0,0.0,0.0,0.0,0.065,0.075,0,1,82.9,-20.7,2030,95.3,94.85,0,1,2,-0.5,6.05,86,147,103,141,298,307,272
595281,10,Kevin Kiermaier,2019-03-28,10,100.0,0.0,0.0,0.0,0.0,0.0,0.068,0.07200000000000001,0,3,65.5,22.1,2715,87.3,85.72,3,6,4,-1.6,5.61,120,149,94,147,281,316,300
467827,2,Gerardo Parra,2019-03-28,2,100.0,0.0,0.0,0.0,0.0,0.0,0.07200000000000001,0.071,0,1,59.3,-36.7,2351,82.6,80.56,0,1,1,-2.0,5.21,87,138,86,149,273,298,308
641531,19,Hunter Dozier,2019-03-28,19,100.0,0.0,0.0,0.0,0.0,0.17300000000000001,0.23600000000000002,0.07,0,3,85.0,20.7,2251,91.4,90.57,2,4,15,-0.8,5.63,112,151,117,146,291,323,303
491696,10,Jesus Sucre,2019-03-28,10,100.0,0.0,0.0,0.0,0.0,0.0,0.068,0.067,0,4,77.4,5.6,2229,87.1,86.78,0,5,5,-0.3,5.98,120,158,119,146,312,311,270
501571,12,Juan Lagares,2019-03-28,12,100.0,0.0,0.0,0.0,0.0,0.0,0.061,0.063,0,3,57.2,-49.3,2373,89.4,89.1,3,5,7,-0.3,6.1,98,152,93,149,317,309,291
446359,9,Zack Cozart,2019-03-28,9,100.0,0.0,0.0,0.0,0.0,0.0,0.037000000000000005,0.062,0,4,74.2,29.6,2413,89.1,88.0,0,5,4,-1.1,5.81,103,151,117,146,296,316,291
466320,13,Melky Cabrera,2019-03-28,13,100.0,0.0,0.0,0.0,0.0,0.0,0.057,0.061,0,4,82.6,13.2,2178,90.2,89.02,2,8,5,-1.2,5.41,127,159,107,146,287,317,294
460086,21,Alex Gordon,2019-03-28,21,100.0,0.0,0.0,0.0,0.0,0.18,0.484,0.059000000000000004,0,2,76.6,29.6,2229,89.9,89.88,2,8,12,0.0,6.04,107,127,94,128,280,316,307
614173,5,Franchy Cordero,2019-03-28,5,100.0,0.0,0.0,0.0,0.0,0.0,0.10400000000000001,0.057999999999999996,0,1,96.3,24.2,2434,87.7,86.87,1,3,2,-0.8,5.58,88,137,120,152,297,320,298
656582,11,Connor Joe,2019-03-28,11,100.0,0.0,0.0,0.0,0.0,0.345,0.379,0.055999999999999994,0,1,64.2,2.5,2150,86.0,84.42,0,3,8,-1.6,5.64,104,154,115,150,303,313,304
434670,11,Hanley Ramirez,2019-03-28,11,100.0,0.0,0.0,0.0,0.0,0.0,0.065,0.054000000000000006,0,3,82.8,31.9,2371,86.0,85.71,3,7,4,-0.3,6.19,118,154,116,149,300,315,290
572287,12,Mike Zunino,2019-03-28,12,100.0,0.0,0.0,0.0,0.0,0.0,0.049,0.053,0,3,74.0,10.4,2645,93.1,91.88,5,7,5,-1.2,6.02,103,156,124,145,285,319,295
542255,21,Ender Inciarte,2019-03-28,21,100.0,0.0,0.0,0.0,0.0,0.0,0.049,0.051,0,4,86.0,-2.4,2168,88.9,88.72,3,7,14,-0.2,6.39,114,150,95,147,292,317,290
595978,8,Austin Hedges,2019-03-28,8,100.0,0.33299999999999996,0.0,0.5,0.33299999999999996,0.292,0.052000000000000005,0.051,1,3,79.9,23.3,2290,87.2,86.78,1,5,3,-0.4,6.05,103,147,113,145,303,319,287
593643,5,Hanser Alberto,2019-03-28,5,100.0,1.0,0.0,1.0,1.0,0.875,0.05,0.048,1,1,74.1,7.0,2303,92.2,92.66,0,3,2,0.5,6.66,117,157,109,145,294,313,275
592261,17,Delino DeShields,2019-03-28,17,100.0,0.0,0.0,0.0,0.0,0.17300000000000001,0.226,0.046,0,3,81.7,43.0,2227,87.2,86.23,0,4,13,-1.0,5.9,93,146,93,143,309,325,282
641933,3,Tyler O'Neill,2019-03-28,3,100.0,0.0,0.0,0.0,0.0,0.0,0.057999999999999996,0.045,0,1,80.8,33.7,2434,89.8,89.11,1,2,1,-0.7,6.04,97,152,121,145,297,325,311
457763,10,Buster Posey,2019-03-28,10,100.0,0.25,0.0,0.33299999999999996,0.25,0.21899999999999997,0.033,0.040999999999999995,1,4,86.1,28.8,1972,90.3,88.99,2,6,4,-1.3,5.69,113,156,120,150,299,312,295
455117,12,Martin Maldonado,2019-03-28,12,100.0,0.0,0.0,0.0,0.0,0.0,0.047,0.040999999999999995,0,4,81.1,7.1,2147,91.6,90.63,1,7,5,-1.0,5.57,101,146,117,142,295,323,301
547943,9,Hyun-Jin Ryu,2019-03-28,9,100.0,0.0,0.0,0.0,0.0,0.0,0.01,0.04,0,1,66.9,7.8,2186,80.5,79.81,0,4,4,-0.7,5.56,103,143,99,146,282,311,279
543281,19,Josh Harrison,2019-03-28,19,100.0,0.0,0.0,0.0,0.0,0.138,0.185,0.04,0,4,65.6,-20.5,2519,90.8,89.44,8,10,9,-1.4,5.66,102,150,109,148,305,323,276
624428,20,Adam Frazier,2019-03-28,20,100.0,0.0,0.0,0.0,0.0,0.138,0.16899999999999998,0.04,0,4,82.8,20.4,2106,89.3,88.2,3,7,13,-1.1,5.64,128,145,103,146,272,308,293
621563,7,Joey Wendle,2019-03-28,7,100.0,0.0,0.0,0.0,0.0,0.36,0.386,0.04,0,2,81.1,34.0,2460,87.7,86.09,0,2,3,-1.6,5.72,119,151,89,151,282,317,302
649557,13,Aledmys Diaz,2019-03-28,13,100.0,0.0,0.0,0.0,0.0,0.0,0.022000000000000002,0.039,0,4,82.5,15.1,2125,87.8,87.47,2,7,6,-0.3,6.23,112,157,111,143,282,321,285
592663,15,J.T. Realmuto,2019-03-28,15,100.0,0.0,0.0,0.0,0.0,0.17300000000000001,0.214,0.038,0,3,91.9,20.7,2265,89.1,88.73,3,6,9,-0.4,6.19,108,153,115,148,297,317,290
575929,25,Willson Contreras,2019-03-28,25,100.0,0.0,0.0,0.0,0.0,0.276,0.3,0.036000000000000004,0,3,78.1,15.9,2311,91.0,90.19,5,11,14,-0.8,6.15,114,155,119,147,306,329,305
656775,18,Cedric Mullins,2019-03-28,18,100.0,0.0,0.0,0.0,0.0,0.17300000000000001,0.203,0.034,0,3,78.7,-17.8,2038,89.4,88.61,1,6,12,-0.8,5.69,113,152,97,149,292,306,275
543484,18,Mikie Mahtook,2019-03-28,18,100.0,0.0,0.0,0.0,0.0,0.0,0.071,0.034,0,4,83.0,53.7,2415,91.0,89.79,1,4,14,-1.2,5.63,105,149,115,148,314,328,281
657557,17,Paul DeJong,2019-03-28,17,100.0,0.0,0.0,0.0,0.0,0.0,0.052000000000000005,0.03,0,4,82.3,26.1,2111,88.2,87.72,7,9,8,-0.5,6.06,99,151,120,144,298,319,300
592696,10,Eddie Rosario,2019-03-28,10,100.0,0.0,0.0,0.0,0.0,0.0,0.027999999999999997,0.028999999999999998,0,4,71.2,35.0,2259,87.2,86.65,2,7,3,-0.5,5.86,98,147,105,148,284,303,288
641778,4,Eric Lauer,2019-03-28,4,100.0,0.0,0.0,0.0,0.0,0.0,0.038,0.027999999999999997,0,2,80.2,33.0,2425,84.2,83.45,1,2,2,-0.7,6.06,121,149,115,149,276,301,260
622491,5,Luis Castillo,2019-03-28,5,100.0,0.0,0.0,0.0,0.0,0.0,0.039,0.027000000000000003,0,2,89.2,-28.3,2476,89.5,89.79,3,4,1,0.3,6.05,122,150,120,147,293,310,276
572041,12,A.J. Pollock,2019-03-28,12,100.0,0.0,0.0,0.0,0.0,0.17300000000000001,0.19699999999999998,0.027000000000000003,0,3,87.4,28.1,2315,87.4,87.05,0,5,7,-0.4,5.85,113,153,118,149,304,334,305
621006,10,Richie Martin,2019-03-28,10,100.0,0.0,0.0,0.0,0.0,0.0,0.022000000000000002,0.024,0,3,78.1,41.7,2010,87.2,86.27,2,5,5,-0.9,5.6,117,157,101,144,310,306,270
592791,8,Jameson Taillon,2019-03-28,8,100.0,0.0,0.0,0.0,0.0,0.0,0.024,0.024,0,2,59.0,-58.1,2041,88.3,87.53,1,5,3,-0.8,5.77,121,145,110,143,285,294,261
624424,19,Michael Conforto,2019-03-28,19,100.0,0.0,0.0,0.0,0.0,0.0,0.023,0.023,0,4,80.2,44.0,2286,88.8,88.19,2,8,11,-0.6,5.92,124,167,116,155,300,304,302
650391,17,Eloy Jimenez,2019-03-28,17,100.0,0.0,0.0,0.0,0.0,0.18,0.196,0.018000000000000002,0,3,77.7,-39.3,2549,87.5,86.8,7,8,8,-0.7,5.66,104,152,122,140,317,333,313
642715,19,Willy Adames,2019-03-28,19,100.0,0.0,0.0,0.0,0.0,0.0,0.006999999999999999,0.016,0,4,66.3,-21.3,2624,87.9,86.82,4,11,8,-1.1,5.81,112,150,101,141,289,316,275
605439,11,Michael Reed,2019-03-28,11,100.0,0.0,0.0,0.0,0.0,0.0,0.008,0.013999999999999999,0,2,80.0,54.2,2134,87.3,86.12,2,7,4,-1.2,5.63,109,154,114,148,295,312,286
621035,2,Chris Taylor,2019-03-28,2,100.0,0.0,0.0,0.0,0.0,0.0,0.006999999999999999,0.012,0,1,93.1,62.3,2149,89.6,89.71,0,1,1,0.1,6.12,112,152,118,149,302,333,299
488721,9,Peter Bourjos,2019-03-28,9,100.0,0.0,0.0,0.0,0.0,0.0,0.019,0.011000000000000001,0,3,91.2,12.9,2549,82.2,81.0,3,7,2,-1.2,5.63,108,151,113,148,296,310,283
571740,18,Billy Hamilton,2019-03-28,18,100.0,0.0,0.0,0.0,0.0,0.0,0.017,0.01,0,4,80.9,33.2,2152,90.8,90.87,1,8,10,0.1,6.1,94,139,87,132,274,311,289
622534,12,Manuel Margot,2019-03-28,12,100.0,0.0,0.0,0.0,0.0,0.0,0.01,0.009000000000000001,0,3,89.6,39.9,2385,85.8,85.37,3,5,7,-0.4,6.11,99,144,107,138,295,317,285
488771,13,Jason Castro,2019-03-28,13,100.0,0.0,0.0,0.0,0.0,0.0,0.011000000000000001,0.008,0,3,89.3,55.5,2346,89.5,89.38,3,6,7,-0.1,6.12,111,144,115,147,279,299,285
475253,14,Justin Smoak,2019-03-28,14,100.0,0.0,0.0,0.0,0.0,0.0,0.001,0.004,0,4,81.3,49.8,2397,86.4,85.16,2,5,9,-1.2,5.63,111,172,119,152,293,326,316
571974,15,John Ryan Murphy,2019-03-28,15,100.0,0.0,0.0,0.0,0.0,0.0,0.004,0.003,0,4,74.7,43.4,2409,83.7,83.68,3,7,8,0.0,6.15,116,155,113,145,293,318,286
606988,14,Grayson Greiner,2019-03-28,14,100.0,0.0,0.0,0.0,0.0,0.0,0.001,0.002,0,4,89.0,49.6,2641,87.5,85.84,6,7,7,-1.7,5.4,108,151,130,150,304,324,287
592779,3,Brock Stewart,2019-03-28,3,100.0,0.0,0.0,0.0,0.0,0.0,0.004,0.002,0,1,88.8,45.9,2178,91.8,91.28,1,2,1,-0.5,6.05,119,152,111,154,272,306,299
425772,17,Jeff Mathis,2019-03-28,17,100.0,0.0,0.0,0.0,0.0,0.0,0.0,0.001,0,3,77.7,40.7,2277,89.2,87.95,3,8,9,-1.2,5.87,115,154,110,150,305,322,285
614173,8,Franchy Cordero,2019-03-29,8,100.0,,,,,0.69,0.69,,0,0,85.9,44.6,2163,92.2,90.83,2,4,4,-1.4,5.67,99,167,138,154,293,313,302
600869,17,Jeimer Candelario,2019-03-29,17,100.0,0.0,0.0,,0.0,0.0,0.0,,0,4,79.6,19.1,1926,87.2,86.44,6,12,5,-0.8,5.88,113,150,117,149,288,322,298
605439,11,Michael Reed,2019-03-29,11,100.0,0.0,0.0,,0.0,0.0,0.0,,0,3,,,2182,83.0,82.41,5,5,6,-0.6,5.68,108,155,113,149,298,299,288
542882,3,Matt Andriese,2019-03-29,3,100.0,0.0,0.0,,0.0,0.0,0.0,,0,1,,,2307,92.5,92.14,2,2,1,-0.4,6.22,118,158,108,147,268,297,252
502706,3,Derek Holland,2019-03-29,3,100.0,0.0,0.0,,0.0,0.0,0.0,,0,1,53.8,26.7,2230,91.2,91.0,0,1,0,-0.2,6.18,75,130,56,142,274,282,262
605131,6,Austin Barnes,2019-03-29,6,100.0,,,,,0.69,0.69,,0,0,,,2238,92.1,90.49,0,1,5,-1.6,5.61,116,149,114,153,286,299,285
519346,6,Eric Thames,2019-03-29,6,100.0,0.0,0.0,,0.0,0.0,0.0,,0,1,,,2382,86.3,86.45,2,2,4,0.2,6.42,130,169,114,152,287,313,300
500874,7,Jose Martinez,2019-03-29,7,100.0,0.0,0.0,,0.0,0.0,0.0,,0,1,67.3,40.9,2184,89.8,90.25,1,3,4,0.4,6.58,116,145,118,148,300,314,286
596119,2,Blake Swihart,2019-03-29,2,100.0,,,,,0.72,0.72,,0,0,68.8,-1.0,2353,90.7,88.81,0,0,1,-1.9,5.52,135,152,109,148,287,327,302
596129,3,Daniel Vogelbach,2019-03-29,3,100.0,0.0,0.0,,0.0,0.0,0.0,,0,1,,,2222,88.3,88.19,1,1,2,-0.1,6.26,125,178,147,158,301,327,289
548389,9,Ross Stripling,2019-03-29,9,100.0,,,,,,,,0,0,41.0,-39.0,2194,90.6,90.9,1,3,5,0.3,6.45,76,119,62,133,265,288,272
455139,5,Robinson Chirinos,2019-03-29,5,100.0,,,,,0.69,0.69,,0,0,,,2251,97.5,97.65,0,0,5,0.2,6.47,105,159,122,148,293,356,315
592662,7,Robbie Ray,2019-03-29,7,100.0,0.0,0.0,,0.0,0.0,0.0,,0,2,,,2343,87.7,87.09,2,3,4,-0.6,5.69,120,152,112,150,266,292,300
572233,6,Christian Walker,2019-03-29,6,100.0,1.0,3.0,,4.0,1.993,1.9169999999999998,0.995,1,1,93.0,20.2,2578,90.2,89.17,0,2,4,-1.0,5.77,122,159,113,150,301,316,286
519048,3,Mitch Moreland,2019-03-29,3,100.0,1.0,3.0,,4.0,1.993,1.7730000000000001,0.97,1,1,114.0,20.6,2682,88.3,87.05,0,1,2,-1.3,5.62,116,144,118,145,310,328,299
657077,3,Alex Verdugo,2019-03-29,3,100.0,1.0,0.0,1.0,1.0,0.875,0.885,0.88,1,1,107.6,10.4,2069,94.9,95.18,0,1,2,0.3,6.65,87,145,136,157,299,315,308
467055,2,Pablo Sandoval,2019-03-29,2,100.0,1.0,1.0,1.0,2.0,1.235,0.677,0.78,1,1,62.7,27.4,2159,83.6,82.82,0,1,1,-0.8,5.77,87,154,119,152,293,306,293
592885,19,Christian Yelich,2019-03-29,19,100.0,0.667,1.0,0.5,1.6669999999999998,0.89,1.025,0.746,2,3,104.0,25.3,2306,87.6,87.91,1,5,14,0.3,6.48,112,145,113,149,299,328,302
502671,37,Paul Goldschmidt,2019-03-29,37,100.0,0.8,1.8,0.5,2.6,1.371,1.147,0.701,4,5,91.9,22.1,2370,90.1,90.73,1,21,16,0.6,6.64,95,151,119,143,312,326,291
641857,14,Ryan McMahon,2019-03-29,14,100.0,0.5,0.5,0.5,1.0,0.654,0.677,0.675,1,2,96.0,24.6,2261,86.5,85.77,1,5,9,-0.7,6.07,123,154,155,133,289,317,303
664058,6,David Fletcher,2019-03-29,6,100.0,1.0,0.0,1.0,1.0,0.87,0.575,0.655,1,1,102.3,6.9,2124,89.7,88.75,0,1,5,-1.0,5.84,107,154,123,150,297,310,272
456124,13,Erik Kratz,2019-03-29,13,100.0,0.0,0.0,0.0,0.0,0.353,0.615,0.598,0,2,92.6,6.0,2140,87.9,87.37,1,5,7,-0.5,5.86,121,152,117,149,300,305,298
592206,9,Nicholas Castellanos,2019-03-29,9,100.0,0.5,0.75,0.5,1.25,0.6990000000000001,0.905,0.597,2,4,98.3,16.5,1907,84.8,83.99,1,5,4,-0.8,5.94,114,152,131,148,318,337,288
643603,3,Tyler White,2019-03-29,3,100.0,1.0,0.0,1.0,1.0,0.875,0.537,0.5920000000000001,1,1,101.2,4.8,2223,99.1,99.1,0,2,1,0.0,6.5,109,160,119,148,276,323,294
570267,25,Domingo Santana,2019-03-29,25,100.0,0.667,1.0,1.0,1.6669999999999998,0.85,0.7959999999999999,0.586,2,3,85.4,15.8,2280,91.0,90.06,1,9,16,-0.9,5.85,107,150,120,152,297,317,279
592669,3,Hunter Renfroe,2019-03-29,3,100.0,0.0,0.0,0.0,0.0,0.0,0.514,0.5720000000000001,0,1,85.3,10.8,2630,85.7,84.86,0,1,2,-0.8,5.89,86,150,117,137,297,318,299
434158,24,Curtis Granderson,2019-03-29,24,100.0,0.5,1.5,0.0,2.0,0.843,0.81,0.563,1,2,78.0,15.5,2250,88.3,86.65,0,8,16,-1.6,5.34,123,155,116,156,309,321,303
545361,16,Mike Trout,2019-03-29,16,100.0,0.5,0.25,0.5,0.75,0.522,0.7829999999999999,0.524,2,4,97.5,29.5,2175,86.5,85.36,1,8,8,-1.1,5.63,107,150,126,150,303,321,297
608348,3,Carson Kelly,2019-03-29,3,100.0,1.0,1.0,1.0,2.0,1.235,0.478,0.512,1,1,70.5,42.3,2557,91.4,90.62,1,3,0,-0.8,5.84,116,154,110,145,297,318,281
572041,28,A.J. Pollock,2019-03-29,28,100.0,0.667,0.667,0.75,1.3330000000000002,0.81,0.6409999999999999,0.48100000000000004,4,6,91.1,11.2,2138,88.4,88.12,0,9,19,-0.3,6.1,112,149,116,147,301,319,306
453568,17,Charlie Blackmon,2019-03-29,17,100.0,0.6,0.2,0.6,0.8,0.597,0.424,0.467,3,5,78.0,27.5,2321,86.8,86.38,1,9,8,-0.4,6.17,123,159,142,140,293,316,298
543877,11,Christian Vazquez,2019-03-29,11,100.0,0.33299999999999996,1.0,0.0,1.3330000000000002,0.664,0.868,0.465,1,3,95.3,40.7,2218,89.3,89.43,1,4,7,0.1,6.42,113,154,117,146,294,306,281
488671,24,Alex Avila,2019-03-29,24,100.0,0.25,0.0,0.33299999999999996,0.25,0.313,0.483,0.44299999999999995,1,4,89.6,12.0,2289,88.8,88.71,3,7,17,-0.1,6.12,105,177,153,139,290,319,304
572761,20,Matt Carpenter,2019-03-29,20,100.0,0.4,0.0,0.5,0.4,0.40700000000000003,0.46299999999999997,0.442,2,5,91.0,12.0,2280,87.3,87.57,2,8,12,0.3,6.47,122,152,102,183,303,323,299
501981,19,Khris Davis,2019-03-29,19,100.0,0.5,0.75,0.33299999999999996,1.25,0.703,0.64,0.441,2,4,80.6,32.1,2275,89.5,88.33,2,11,8,-1.2,5.51,108,155,123,149,300,337,298
656305,19,Matt Chapman,2019-03-29,19,100.0,0.5,0.25,0.5,0.75,0.522,0.39899999999999997,0.41600000000000004,2,4,86.7,33.9,2190,90.3,89.2,1,11,8,-1.1,5.62,101,154,116,146,296,337,299
656427,8,Jack Flaherty,2019-03-29,8,100.0,0.5,0.0,0.5,0.5,0.43799999999999994,0.371,0.40700000000000003,1,2,70.9,6.4,2189,87.5,87.69,1,4,2,0.2,6.53,103,143,88,148,294,301,270
502054,28,Tommy Pham,2019-03-29,28,100.0,0.33299999999999996,0.0,0.5,0.33299999999999996,0.391,0.452,0.402,1,3,82.7,13.2,2442,91.8,91.16,1,12,16,-0.6,6.08,112,155,126,153,292,310,272
592626,14,Joc Pederson,2019-03-29,14,100.0,0.25,0.0,0.25,0.25,0.313,0.466,0.39899999999999997,1,4,77.0,1.5,2313,88.9,88.68,0,6,6,-0.2,6.08,114,153,108,152,297,320,305
446334,19,Evan Longoria,2019-03-29,19,100.0,0.33299999999999996,1.0,0.0,1.3330000000000002,0.6709999999999999,0.705,0.39799999999999996,1,3,90.3,34.8,2423,88.4,88.34,2,6,13,-0.1,6.21,115,157,118,148,303,309,299
444482,25,David Peralta,2019-03-29,25,100.0,0.5,0.16699999999999998,0.6,0.667,0.498,0.379,0.384,3,6,87.2,6.7,2211,89.9,89.67,1,10,15,-0.2,6.03,120,152,112,151,290,318,307
553882,16,Omar Narvaez,2019-03-29,16,100.0,0.5,0.75,0.5,1.25,0.7170000000000001,0.606,0.384,2,4,90.3,20.8,2004,87.9,87.75,3,10,6,-0.1,6.19,118,146,114,146,280,319,293
592743,9,Andrelton Simmons,2019-03-29,9,100.0,0.5,0.0,0.5,0.5,0.435,0.348,0.379,2,4,75.7,28.2,2222,84.9,83.89,1,7,2,-1.0,5.6,94,143,118,144,300,313,297
547172,14,Tony Wolters,2019-03-29,14,100.0,0.5,0.25,0.5,0.75,0.528,0.4,0.376,2,4,89.0,14.9,2527,83.5,82.67,1,6,8,-0.8,6.07,89,139,99,133,271,308,287
595978,10,Austin Hedges,2019-03-29,10,100.0,0.5,0.0,0.5,0.5,0.532,0.522,0.374,1,2,100.5,22.6,2218,84.7,83.36,2,5,4,-1.3,5.68,95,150,116,143,298,313,284
592518,18,Manny Machado,2019-03-29,18,100.0,0.5,0.0,1.0,0.5,0.43799999999999994,0.33799999999999997,0.36700000000000005,2,4,98.6,8.9,2241,87.2,86.06,6,10,8,-1.1,5.74,106,149,116,144,302,316,290
474568,16,Jordy Mercer,2019-03-29,16,100.0,0.0,0.0,0.0,0.0,0.0,0.322,0.35600000000000004,0,3,88.2,14.0,1994,88.6,87.93,0,9,7,-0.7,5.96,104,150,128,147,312,327,285
445988,8,Martin Prado,2019-03-29,8,100.0,0.0,0.0,0.0,0.0,0.0,0.43200000000000005,0.35600000000000004,0,1,102.0,-7.4,2374,90.7,88.92,0,3,5,-1.8,5.33,126,156,122,145,311,317,276
460026,14,Nick Hundley,2019-03-29,14,100.0,0.33299999999999996,0.0,0.33299999999999996,0.33299999999999996,0.29,0.304,0.349,1,3,71.6,10.8,2381,91.1,90.65,2,7,7,-0.5,5.94,107,155,114,145,292,335,293
460075,19,Ryan Braun,2019-03-29,19,100.0,0.5,0.75,0.5,1.25,0.7170000000000001,0.596,0.34600000000000003,2,4,87.4,4.1,2236,90.0,90.17,4,11,8,0.2,6.4,105,149,112,144,303,329,298
456715,20,Lorenzo Cain,2019-03-29,20,100.0,0.5,0.0,0.5,0.5,0.43799999999999994,0.377,0.34299999999999997,2,4,86.7,-0.8,2274,91.3,91.65,2,9,11,0.3,6.45,114,151,107,148,300,319,279
596847,12,Ji-Man Choi,2019-03-29,12,100.0,0.25,0.0,0.33299999999999996,0.25,0.21899999999999997,0.297,0.33399999999999996,1,4,69.1,5.9,2403,92.0,91.03,3,8,3,-1.0,5.96,103,172,109,152,281,311,297
641355,25,Cody Bellinger,2019-03-29,25,100.0,0.2,0.0,0.25,0.2,0.261,0.397,0.33299999999999996,1,5,86.8,14.1,2147,89.2,89.03,2,11,14,-0.2,6.12,117,145,119,155,297,319,308
650490,14,Yandy Diaz,2019-03-29,14,100.0,0.5,0.75,0.5,1.25,0.7170000000000001,0.41200000000000003,0.33299999999999996,2,4,90.3,21.5,2634,91.6,90.61,3,7,7,-1.0,5.99,104,153,124,151,296,309,271
622534,18,Manuel Margot,2019-03-29,18,100.0,0.25,0.0,0.33299999999999996,0.25,0.21899999999999997,0.316,0.332,1,4,76.1,9.5,2296,89.9,88.5,2,11,7,-1.4,5.66,107,147,108,145,292,309,282
520471,9,Freddy Galvis,2019-03-29,9,100.0,0.667,0.0,0.667,0.667,0.583,0.305,0.327,2,3,85.2,9.0,2266,84.2,83.64,0,4,5,-0.6,6.02,108,155,112,148,288,316,291
500208,16,Yangervis Solarte,2019-03-29,16,100.0,0.25,0.0,0.33299999999999996,0.25,0.21899999999999997,0.28300000000000003,0.326,1,4,82.6,21.6,2228,89.9,89.72,2,9,7,-0.2,6.19,125,156,116,151,293,304,298
571976,13,Wil Myers,2019-03-29,13,100.0,0.5,0.25,1.0,0.75,0.528,0.359,0.326,2,4,84.7,-3.8,2249,88.3,87.33,1,6,7,-1.0,5.88,104,150,116,143,296,318,296
543760,15,Marcus Semien,2019-03-29,15,100.0,0.33299999999999996,0.0,0.33299999999999996,0.33299999999999996,0.39,0.386,0.325,1,3,84.7,24.6,2414,91.2,90.77,1,6,9,-0.4,6.07,104,155,108,145,287,334,296
665487,16,Fernando Tatis Jr.,2019-03-29,16,100.0,0.33299999999999996,0.33299999999999996,0.5,0.667,0.48100000000000004,0.5529999999999999,0.321,1,3,86.1,-8.2,2185,88.4,87.15,2,7,9,-1.3,5.84,110,152,109,143,297,317,290
621446,13,Lewis Brinson,2019-03-29,13,100.0,0.0,0.0,0.0,0.0,0.0,0.602,0.317,0,3,103.7,26.5,2331,90.2,88.42,4,7,6,-1.8,5.4,99,156,110,144,311,324,307
643265,4,Garrett Cooper,2019-03-29,4,100.0,0.0,0.0,0.0,0.0,0.0,0.41100000000000003,0.316,0,2,91.7,8.9,2267,92.3,90.1,0,2,2,-2.2,5.1,119,156,121,145,318,314,289
593428,16,Xander Bogaerts,2019-03-29,16,100.0,0.33299999999999996,1.0,0.0,1.3330000000000002,0.6709999999999999,0.5589999999999999,0.313,1,3,93.1,9.0,2260,85.1,84.84,1,4,12,-0.3,6.06,103,150,113,142,299,316,283
646240,20,Rafael Devers,2019-03-29,20,100.0,0.33299999999999996,0.33299999999999996,0.5,0.667,0.48100000000000004,0.39799999999999996,0.308,1,3,89.1,8.9,2285,91.4,91.22,1,7,13,-0.2,6.16,129,153,108,149,289,317,299
592387,16,Ryon Healy,2019-03-29,16,100.0,0.25,0.25,0.5,0.5,0.309,0.4,0.308,1,4,104.9,23.1,2141,87.1,86.35,3,7,9,-0.8,5.8,101,148,117,147,300,319,281
435522,14,Neil Walker,2019-03-29,14,100.0,0.0,0.0,0.0,0.0,0.18,0.608,0.308,0,3,98.1,2.1,2233,91.3,89.46,1,3,10,-1.8,5.32,123,173,118,156,305,324,288
571745,25,Mitch Haniger,2019-03-29,25,100.0,0.2,0.0,0.33299999999999996,0.2,0.175,0.285,0.305,1,5,88.4,7.0,2264,91.9,91.22,2,8,17,-0.7,5.96,108,150,118,149,295,321,281
621453,18,Steven Duggar,2019-03-29,18,100.0,0.33299999999999996,0.33299999999999996,1.0,0.667,0.48100000000000004,0.389,0.3,1,3,98.0,20.9,2229,89.7,88.82,5,8,10,-0.9,5.81,113,146,104,150,278,300,306
571718,10,Brian Goodwin,2019-03-29,10,100.0,0.5,0.0,0.667,0.5,0.435,0.278,0.3,2,4,88.4,13.6,1938,81.2,80.31,3,7,2,-0.9,5.64,105,145,98,151,288,308,297
502110,9,J.D. Martinez,2019-03-29,9,100.0,0.25,0.75,0.0,1.0,0.498,0.5489999999999999,0.298,1,4,94.9,30.2,2433,88.3,87.6,2,5,4,-0.7,5.94,99,150,115,141,299,321,296
607752,11,Sam Travis,2019-03-29,11,100.0,0.667,0.0,0.667,0.667,0.583,0.272,0.297,2,3,78.6,4.8,2349,86.0,85.72,2,5,6,-0.3,6.05,96,151,114,139,296,312,283
502210,12,Josh Reddick,2019-03-29,12,100.0,0.25,0.0,0.25,0.25,0.21899999999999997,0.25,0.29600000000000004,1,4,89.3,-4.0,2297,89.8,88.65,1,5,7,-1.2,5.89,108,145,112,148,276,321,307
502481,28,Jarrod Dyson,2019-03-29,28,100.0,0.2,0.0,0.33299999999999996,0.2,0.322,0.374,0.295,1,5,57.9,-0.9,2240,89.3,89.08,3,9,19,-0.2,6.08,108,148,91,144,273,310,294
543281,12,Josh Harrison,2019-03-29,12,100.0,0.0,0.0,0.0,0.0,0.0,0.34,0.293,0,4,83.0,24.0,2186,88.3,87.69,1,7,5,-0.6,6.06,112,152,116,148,308,321,280
493329,16,Yuli Gurriel,2019-03-29,16,100.0,0.33299999999999996,0.0,0.5,0.33299999999999996,0.391,0.376,0.293,1,3,84.4,-4.9,2352,90.0,88.89,2,6,10,-1.1,5.78,107,156,113,147,284,322,297
657557,14,Paul DeJong,2019-03-29,14,100.0,0.4,0.0,0.5,0.4,0.41200000000000003,0.359,0.28800000000000003,2,5,88.5,18.6,2329,90.5,91.07,1,6,7,0.6,6.59,100,150,118,142,301,321,301
664056,15,Harrison Bader,2019-03-29,15,100.0,0.0,0.0,0.0,0.0,0.0,0.304,0.27899999999999997,0,5,87.7,23.9,2375,87.8,88.42,2,8,7,0.6,6.7,100,147,116,146,298,316,294
451594,24,Dexter Fowler,2019-03-29,24,100.0,0.33299999999999996,0.0,1.0,0.33299999999999996,0.451,0.445,0.27699999999999997,1,3,83.9,27.5,2353,91.0,91.64,3,7,17,0.6,6.61,107,142,108,150,297,317,299
488726,13,Michael Brantley,2019-03-29,13,100.0,0.5,0.25,0.5,0.75,0.528,0.27899999999999997,0.27699999999999997,2,4,84.3,-2.8,2479,87.5,86.18,0,7,6,-1.3,5.63,119,155,112,153,275,320,311
594777,17,Kole Calhoun,2019-03-29,17,100.0,0.4,0.2,0.5,0.6,0.41700000000000004,0.391,0.27399999999999997,2,5,91.1,15.5,2185,83.5,82.02,4,9,8,-1.5,5.43,107,151,105,163,298,318,301
621514,11,Christin Stewart,2019-03-29,11,100.0,0.0,0.0,0.0,0.0,0.23,0.436,0.273,0,2,101.4,16.2,1760,86.1,85.59,2,4,7,-0.5,6.12,120,155,127,152,285,324,298
592325,6,Ben Gamel,2019-03-29,6,100.0,0.0,0.0,0.0,0.0,0.0,0.201,0.26,0,1,73.8,8.0,2109,96.2,95.51,2,3,3,-0.7,6.0,126,147,101,151,286,307,295
571448,14,Nolan Arenado,2019-03-29,14,100.0,0.4,0.0,0.5,0.4,0.35,0.332,0.259,2,5,91.1,16.9,2197,88.1,87.91,3,8,6,-0.2,6.21,110,152,130,137,303,319,306
670950,3,Trevor Richards,2019-03-29,3,100.0,0.0,0.0,0.0,0.0,0.0,0.304,0.258,0,1,99.5,-10.1,2279,95.4,93.43,0,1,2,-2.0,5.34,126,154,111,145,295,304,280
475253,15,Justin Smoak,2019-03-29,15,100.0,0.5,0.0,0.667,0.5,0.43799999999999994,0.22,0.258,2,4,88.8,9.9,2287,79.3,78.69,2,6,9,-0.6,6.04,99,155,117,145,300,328,312
641856,16,Billy McKinney,2019-03-29,16,100.0,0.25,0.0,0.33299999999999996,0.25,0.21899999999999997,0.239,0.255,1,4,90.1,-3.3,2348,88.8,88.2,2,6,10,-0.6,5.94,116,149,121,152,287,327,305
642715,13,Willy Adames,2019-03-29,13,100.0,0.0,0.0,0.0,0.0,0.0,0.244,0.249,0,3,82.8,24.2,2483,91.2,90.33,3,6,7,-0.9,5.93,105,154,113,147,292,308,271
592348,15,Niko Goodrum,2019-03-29,15,100.0,0.0,0.0,0.0,0.0,0.0,0.226,0.247,0,3,87.1,11.5,1827,88.1,87.66,2,8,7,-0.4,6.06,119,148,116,153,288,319,299
518960,11,Jonathan Lucroy,2019-03-29,11,100.0,0.25,0.0,0.25,0.25,0.218,0.22899999999999998,0.245,1,4,80.1,29.5,2238,85.3,84.23,0,5,6,-1.1,5.64,102,150,126,148,300,311,273
595281,14,Kevin Kiermaier,2019-03-29,14,100.0,0.33299999999999996,0.0,1.0,0.33299999999999996,0.292,0.217,0.243,1,3,78.8,13.8,2500,91.5,90.93,3,9,5,-0.6,6.06,120,150,119,157,276,313,300
641933,2,Tyler O'Neill,2019-03-29,2,100.0,1.0,1.0,1.0,2.0,1.235,0.33,0.24,1,1,93.7,27.0,2331,89.5,88.35,0,1,1,-1.1,5.64,114,155,124,145,302,319,304
425877,22,Yadier Molina,2019-03-29,22,100.0,0.33299999999999996,0.33299999999999996,0.33299999999999996,0.667,0.523,0.43700000000000006,0.239,1,3,84.9,18.3,2367,89.7,89.85,3,10,12,0.1,6.36,106,151,115,144,301,322,295
431145,32,Russell Martin,2019-03-29,32,100.0,0.33299999999999996,0.0,0.5,0.33299999999999996,0.491,0.473,0.239,1,3,86.3,14.0,2273,90.1,89.94,4,7,25,-0.2,6.19,106,150,113,149,302,319,303
457763,18,Buster Posey,2019-03-29,18,100.0,0.25,0.25,0.25,0.5,0.309,0.272,0.237,1,4,84.8,-1.7,2189,87.7,87.43,0,7,11,-0.3,6.04,122,156,118,149,300,305,292
608324,8,Alex Bregman,2019-03-29,8,100.0,0.0,0.0,0.0,0.0,0.0,0.207,0.23399999999999999,0,4,87.6,-0.8,2423,88.2,86.41,1,5,3,-1.8,5.44,107,150,111,142,283,319,301
571771,23,Enrique Hernandez,2019-03-29,23,100.0,0.16699999999999998,0.0,0.2,0.16699999999999998,0.22399999999999998,0.304,0.225,1,6,82.0,34.6,2220,88.5,88.48,1,9,14,0.0,6.24,107,149,111,148,300,317,302
514888,16,Jose Altuve,2019-03-29,16,100.0,0.0,0.0,0.0,0.0,0.17300000000000001,0.426,0.225,0,3,77.7,29.9,2600,86.0,84.63,1,8,8,-1.4,5.72,98,150,111,145,290,323,290
605412,4,Joe Panik,2019-03-29,4,100.0,1.0,0.0,1.0,1.0,0.875,0.249,0.223,1,1,81.7,13.2,1917,87.9,86.39,0,2,2,-1.5,5.5,131,154,111,153,274,298,299
519058,19,Mike Moustakas,2019-03-29,19,100.0,0.33299999999999996,0.33299999999999996,0.5,0.667,0.48100000000000004,0.35200000000000004,0.213,1,3,82.6,27.3,2150,85.6,85.4,1,6,13,-0.2,6.18,119,164,119,151,300,325,301
543308,5,John Hicks,2019-03-29,5,100.0,0.0,0.0,0.0,0.0,0.0,0.19,0.209,0,3,90.1,47.0,2050,86.1,85.49,1,4,1,-0.6,6.02,108,150,132,148,305,323,284
467827,8,Gerardo Parra,2019-03-29,8,100.0,0.0,0.0,0.0,0.0,0.0,0.23800000000000002,0.205,0,2,98.3,17.5,1982,89.5,88.7,1,2,6,-0.8,5.87,128,148,104,152,275,299,308
606115,11,Orlando Arcia,2019-03-29,11,100.0,0.0,0.0,0.0,0.0,0.0,0.203,0.204,0,4,75.4,41.3,2242,87.6,87.45,1,6,5,-0.2,6.22,114,149,98,146,297,315,281
594011,9,Rosell Herrera,2019-03-29,9,100.0,0.5,0.0,0.5,0.5,0.43799999999999994,0.177,0.204,1,2,89.5,-13.9,2283,88.1,86.89,1,4,5,-1.2,5.64,106,154,103,149,307,318,287
542583,16,Jesus Aguilar,2019-03-29,16,100.0,0.25,0.0,0.25,0.25,0.21899999999999997,0.2,0.20199999999999999,1,4,78.0,6.1,2280,88.3,88.77,0,7,9,0.5,6.48,103,149,114,142,304,331,293
434778,16,Kendrys Morales,2019-03-29,16,100.0,0.33299999999999996,0.0,0.5,0.33299999999999996,0.39,0.297,0.19399999999999998,1,3,84.4,8.5,2152,90.2,89.28,3,7,9,-0.9,5.73,111,152,135,154,295,336,305
543768,21,Travis Shaw,2019-03-29,21,100.0,0.0,0.0,0.0,0.0,0.18,0.307,0.193,0,3,73.0,36.3,2387,86.5,86.5,2,10,10,0.0,6.3,108,174,125,150,299,333,307
605113,32,Nick Ahmed,2019-03-29,32,100.0,0.2,0.0,0.25,0.2,0.261,0.258,0.192,1,5,82.1,-16.0,2229,90.0,89.55,2,15,17,-0.4,6.01,114,155,110,148,297,316,283
435622,15,Ian Desmond,2019-03-29,15,100.0,0.0,0.0,0.0,0.0,0.0,0.28600000000000003,0.19,0,5,88.2,40.8,2267,88.4,88.16,1,8,7,-0.2,6.25,108,152,113,148,309,317,294
542921,17,Tim Beckham,2019-03-29,17,100.0,0.25,0.25,0.33299999999999996,0.5,0.309,0.225,0.187,1,4,86.7,18.5,2082,86.7,86.22,1,7,10,-0.5,5.94,100,148,109,146,301,322,283
572039,11,Stephen Piscotty,2019-03-29,11,100.0,0.0,0.0,0.0,0.0,0.0,0.18100000000000002,0.185,0,4,85.7,20.2,2315,90.5,89.76,2,8,3,-0.7,5.81,95,152,114,144,297,339,298
572287,9,Mike Zunino,2019-03-29,9,100.0,0.0,0.0,0.0,0.0,0.0,0.161,0.183,0,3,87.1,32.9,2481,90.5,89.75,4,7,2,-0.7,5.89,109,156,123,149,286,313,291
571875,18,Jake Lamb,2019-03-29,18,100.0,0.2,0.0,0.5,0.2,0.175,0.16,0.17800000000000002,1,5,64.8,-1.1,2276,89.5,89.06,4,10,8,-0.4,6.01,119,176,152,128,286,321,301
614177,11,Franmil Reyes,2019-03-29,11,100.0,0.0,0.0,0.0,0.0,0.0,0.113,0.16899999999999998,0,2,92.3,26.9,2238,88.6,87.66,1,4,7,-0.9,5.96,104,150,116,144,299,314,276
518735,11,Yasmani Grandal,2019-03-29,11,100.0,0.0,0.0,0.0,0.0,0.0,0.235,0.16899999999999998,0,3,92.4,11.0,2230,89.5,89.35,3,6,5,-0.2,6.25,122,165,148,146,298,324,301
435079,17,Ian Kinsler,2019-03-29,17,100.0,0.33299999999999996,1.0,0.0,1.3330000000000002,0.6709999999999999,0.391,0.166,1,3,89.2,19.8,2217,88.2,87.12,0,6,11,-1.1,5.82,113,150,112,147,297,312,283
429665,9,Edwin Encarnacion,2019-03-29,9,100.0,0.0,0.0,0.0,0.0,0.0,0.13699999999999998,0.16399999999999998,0,4,80.2,-0.5,2014,90.8,90.56,0,4,5,-0.2,6.13,113,152,119,153,294,324,285
606466,26,Ketel Marte,2019-03-29,26,100.0,0.0,0.0,0.0,0.0,0.0,0.136,0.16,0,6,82.0,10.3,2199,89.1,88.71,3,13,13,-0.4,6.03,111,148,119,134,278,314,303
446359,14,Zack Cozart,2019-03-29,14,100.0,0.0,0.0,0.0,0.0,0.0,0.2,0.159,0,4,89.1,15.2,2209,89.8,89.02,0,6,8,-0.8,5.83,107,155,124,148,296,309,285
502517,11,Daniel Murphy,2019-03-29,11,100.0,0.2,0.0,0.2,0.2,0.175,0.22,0.152,1,5,82.5,15.8,2288,86.1,85.62,1,7,4,-0.5,6.12,104,149,120,145,291,314,301
456488,17,Eduardo Nunez,2019-03-29,17,100.0,0.0,0.0,0.0,0.0,0.0,0.141,0.151,0,4,80.1,24.2,2361,86.7,86.54,1,7,10,-0.2,6.1,111,153,105,144,296,311,286
621311,18,David Dahl,2019-03-29,18,100.0,0.25,0.25,0.5,0.5,0.385,0.25,0.151,1,4,79.2,1.8,2224,88.5,88.23,5,9,9,-0.3,6.2,119,149,158,115,287,315,307
430945,19,Adam Jones,2019-03-29,19,100.0,0.16699999999999998,0.16699999999999998,0.2,0.33299999999999996,0.20600000000000002,0.151,0.14800000000000002,1,6,78.1,21.9,2201,92.5,92.26,0,11,8,-0.2,6.19,106,150,111,143,301,324,287
600303,13,Tommy La Stella,2019-03-29,13,100.0,0.0,0.0,0.0,0.0,0.0,0.141,0.145,0,3,74.7,45.7,2214,88.0,87.24,0,7,6,-0.8,5.75,111,153,108,162,287,304,297
606192,14,Teoscar Hernandez,2019-03-29,14,100.0,0.25,0.0,0.33299999999999996,0.25,0.21899999999999997,0.12,0.14400000000000002,1,4,79.8,0.7,2359,85.8,85.26,4,9,5,-0.5,5.98,104,152,115,146,302,330,308
649557,12,Aledmys Diaz,2019-03-29,12,100.0,0.0,0.0,0.0,0.0,0.0,0.132,0.14300000000000002,0,3,72.9,43.0,2474,88.0,86.75,3,7,5,-1.2,5.64,114,153,112,145,281,323,291
643217,19,Andrew Benintendi,2019-03-29,19,100.0,0.0,0.0,0.0,0.0,0.138,0.309,0.134,0,4,84.2,16.7,2291,90.7,90.46,3,8,11,-0.2,6.18,127,151,102,148,284,315,298
592273,14,Brandon Drury,2019-03-29,14,100.0,0.25,0.5,1.0,0.75,0.39,0.228,0.127,1,4,86.6,26.1,2337,83.6,83.16,2,7,7,-0.4,6.04,110,153,118,145,301,328,309
543807,18,George Springer,2019-03-29,18,100.0,0.33299999999999996,0.0,1.0,0.33299999999999996,0.391,0.257,0.127,1,3,67.1,36.6,2478,88.3,87.2,2,6,12,-1.1,5.85,104,154,112,146,292,331,300
543829,12,Dee Gordon,2019-03-29,12,100.0,0.0,0.0,0.0,0.0,0.0,0.147,0.121,0,3,90.8,-1.8,2189,85.5,84.95,1,4,8,-0.6,5.9,90,125,82,131,278,313,292
608369,36,Corey Seager,2019-03-29,36,100.0,0.16699999999999998,0.0,0.33299999999999996,0.16699999999999998,0.22399999999999998,0.179,0.12,1,6,83.1,26.6,2202,87.8,87.43,7,17,19,-0.4,6.02,111,164,118,155,296,319,307
605141,23,Mookie Betts,2019-03-29,23,100.0,0.2,0.0,0.25,0.2,0.175,0.086,0.11699999999999999,1,5,89.0,2.2,2543,86.1,85.12,1,8,15,-1.0,5.78,105,152,114,142,300,320,291
642547,3,Freddy Peralta,2019-03-29,3,100.0,0.0,0.0,0.0,0.0,0.0,0.113,0.107,0,1,61.9,10.5,2370,90.2,90.54,1,2,1,0.3,6.47,125,148,111,150,286,301,255
605480,13,Mallex Smith,2019-03-29,13,100.0,0.33299999999999996,1.0,0.0,1.3330000000000002,0.537,0.501,0.105,1,3,86.9,24.8,2312,89.1,88.3,1,5,8,-0.8,5.84,94,130,86,132,282,312,291
608566,4,German Marquez,2019-03-29,4,100.0,0.0,0.0,0.0,0.0,0.0,0.07,0.096,0,2,91.5,-18.8,2117,88.1,88.05,0,2,2,-0.1,6.39,117,152,107,135,294,310,270
457803,10,Jay Bruce,2019-03-29,10,100.0,0.0,0.0,0.0,0.0,0.17300000000000001,0.244,0.09,0,3,83.2,5.1,2333,85.1,83.71,2,5,5,-1.4,5.6,110,175,119,146,294,319,297
405395,13,Albert Pujols,2019-03-29,13,100.0,0.0,0.0,0.0,0.0,0.17300000000000001,0.249,0.079,0,3,86.6,25.9,2219,86.1,85.0,1,5,8,-1.1,5.66,109,153,128,148,300,316,295
542303,25,Marcell Ozuna,2019-03-29,25,100.0,0.16699999999999998,0.16699999999999998,0.25,0.33299999999999996,0.20600000000000002,0.066,0.077,1,6,77.0,23.1,2304,87.3,86.99,4,12,13,-0.3,6.08,105,150,118,145,301,321,297
516770,11,Starlin Castro,2019-03-29,11,100.0,0.0,0.0,0.0,0.0,0.0,0.07200000000000001,0.076,0,3,85.4,-23.7,2382,89.1,87.07,2,7,4,-2.0,5.25,126,155,118,144,311,314,281
640457,18,Austin Meadows,2019-03-29,18,100.0,0.0,0.0,0.0,0.0,0.0,0.12300000000000001,0.075,0,4,89.5,40.5,2520,90.3,89.56,4,9,9,-0.7,5.99,121,150,116,156,281,319,297
543063,18,Brandon Crawford,2019-03-29,18,100.0,0.0,0.0,0.0,0.0,0.0,0.065,0.07400000000000001,0,4,74.0,-4.7,2146,89.6,89.02,4,10,8,-0.6,5.98,109,152,117,155,284,305,310
500743,2,Miguel Rojas,2019-03-29,2,100.0,0.0,0.0,0.0,0.0,0.0,0.078,0.07200000000000001,0,1,86.9,28.2,2354,88.0,86.67,1,2,0,-1.3,5.74,114,155,99,144,306,303,283
596115,31,Trevor Story,2019-03-29,31,100.0,0.25,0.0,0.33299999999999996,0.25,0.313,0.19399999999999998,0.067,1,4,75.9,10.5,2218,88.4,88.07,4,12,19,-0.3,6.25,104,151,127,138,302,318,306
500871,32,Eduardo Escobar,2019-03-29,32,100.0,0.0,0.0,0.0,0.0,0.0,0.064,0.065,0,7,80.6,9.8,2176,89.2,88.63,4,12,20,-0.6,5.93,108,151,132,129,282,315,295
598265,18,Jackie Bradley Jr.,2019-03-29,18,100.0,0.0,0.0,0.0,0.0,0.0,0.065,0.064,0,4,74.3,11.2,2391,88.3,88.06,5,10,8,-0.2,6.19,92,144,106,145,289,318,297
595777,14,Jurickson Profar,2019-03-29,14,100.0,0.0,0.0,0.0,0.0,0.17300000000000001,0.195,0.062,0,3,79.8,55.3,2300,90.5,90.16,0,6,8,-0.3,6.2,103,150,110,151,277,335,306
541645,13,Avisail Garcia,2019-03-29,13,100.0,0.25,0.0,0.33299999999999996,0.25,0.21899999999999997,0.069,0.06,1,4,87.5,25.0,2542,93.5,92.7,5,10,3,-0.8,5.94,117,157,123,150,292,311,280
543333,19,Eric Hosmer,2019-03-29,19,100.0,0.0,0.0,0.0,0.0,0.17300000000000001,0.213,0.059000000000000004,0,3,74.4,8.2,2279,90.6,89.35,1,12,7,-1.3,5.68,115,169,129,152,287,317,310
543939,16,Kolten Wong,2019-03-29,16,100.0,0.25,0.0,0.33299999999999996,0.25,0.313,0.177,0.057,1,4,78.3,46.5,2281,89.2,89.6,2,8,8,0.4,6.59,112,143,98,149,295,317,297
643393,15,Tony Kemp,2019-03-29,15,100.0,0.0,0.0,0.0,0.0,0.18,0.22,0.055,0,3,82.7,-3.4,2482,87.9,86.81,2,3,11,-1.1,5.91,100,148,99,143,260,308,299
656582,11,Connor Joe,2019-03-29,11,100.0,0.0,0.0,0.0,0.0,0.0,0.045,0.053,0,3,96.4,-17.3,2330,87.3,86.52,1,3,8,-0.8,5.83,123,157,114,149,303,303,291
571506,27,Justin Bour,2019-03-29,27,100.0,0.0,0.0,0.0,0.0,0.276,0.304,0.046,0,3,89.3,27.4,2146,84.7,83.64,2,6,21,-1.1,5.55,108,145,122,159,295,316,303
621035,7,Chris Taylor,2019-03-29,7,100.0,0.0,0.0,0.0,0.0,0.0,0.037000000000000005,0.037000000000000005,0,2,76.9,58.1,2197,88.1,88.16,0,2,5,0.1,6.22,112,151,103,152,303,318,308
457759,44,Justin Turner,2019-03-29,44,100.0,0.25,0.0,1.0,0.25,0.425,0.315,0.032,1,4,76.9,16.1,2178,89.0,88.51,4,17,26,-0.5,5.97,107,149,119,150,303,320,305
543257,15,Robbie Grossman,2019-03-29,15,100.0,0.0,0.0,0.0,0.0,0.17300000000000001,0.203,0.031,0,3,73.1,13.6,2316,91.7,91.21,1,5,10,-0.5,5.9,109,151,117,151,282,333,308
621002,12,Daniel Robertson,2019-03-29,12,100.0,0.0,0.0,0.0,0.0,0.0,0.032,0.03,0,3,80.7,47.3,2542,91.0,90.47,2,4,8,-0.5,6.14,116,156,127,154,287,311,283
547943,2,Hyun-Jin Ryu,2019-03-29,2,100.0,0.0,0.0,0.0,0.0,0.0,0.01,0.03,0,1,71.1,5.8,2489,86.9,86.1,0,2,0,-0.8,5.6,126,147,120,151,272,294,283
664192,9,Joey Lucchesi,2019-03-29,9,100.0,0.0,0.0,0.0,0.0,0.0,0.015,0.028999999999999998,0,2,73.2,-10.7,2400,89.1,88.19,1,2,7,-0.9,5.99,120,147,115,147,261,293,275
408234,17,Miguel Cabrera,2019-03-29,17,100.0,0.0,0.0,0.0,0.0,0.17300000000000001,0.183,0.027999999999999997,0,3,77.7,-1.8,1925,85.4,84.68,2,7,10,-0.7,5.95,113,149,128,149,315,336,291
571912,17,Luke Maile,2019-03-29,17,100.0,0.0,0.0,0.0,0.0,0.23,0.237,0.027000000000000003,0,2,70.1,-4.8,2262,85.8,85.17,2,3,14,-0.6,6.0,102,152,119,147,292,318,297
501896,18,David Freese,2019-03-29,18,100.0,0.0,0.0,0.0,0.0,0.138,0.163,0.024,0,4,74.0,-18.1,2118,84.7,84.46,4,8,10,-0.2,6.04,108,149,123,151,304,319,301
666971,21,Lourdes Gurriel Jr.,2019-03-29,21,100.0,0.0,0.0,0.0,0.0,0.17300000000000001,0.191,0.023,0,3,74.1,30.5,2271,89.9,89.51,5,10,11,-0.4,6.13,109,153,117,147,296,324,303
595751,13,Jorge Alfaro,2019-03-29,13,100.0,0.0,0.0,0.0,0.0,0.0,0.019,0.023,0,3,67.6,-16.4,2411,89.0,87.28,3,7,6,-1.7,5.48,124,156,121,145,313,318,288
571970,15,Max Muncy,2019-03-29,15,100.0,0.0,0.0,0.0,0.0,0.0,0.023,0.019,0,3,83.7,42.6,2233,87.9,87.28,3,10,5,-0.6,5.91,100,144,120,154,295,325,307
657656,15,Ramon Laureano,2019-03-29,15,100.0,0.0,0.0,0.0,0.0,0.0,0.019,0.015,0,4,74.7,-27.3,2489,89.0,88.42,4,5,10,-0.6,5.84,98,152,101,143,286,330,290
605119,23,Brian Anderson,2019-03-29,23,100.0,0.0,0.0,0.0,0.0,0.17300000000000001,0.187,0.013999999999999999,0,3,69.8,10.0,2350,91.4,89.38,5,12,11,-2.0,5.27,104,153,120,141,312,316,283
595375,11,JT Riddle,2019-03-29,11,100.0,0.0,0.0,0.0,0.0,0.0,0.021,0.013000000000000001,0,3,84.7,-35.9,2307,90.7,88.96,2,5,6,-1.7,5.35,127,150,101,153,308,326,304
606132,4,Raimel Tapia,2019-03-29,4,100.0,0.0,0.0,0.0,0.0,0.0,0.023,0.01,0,1,75.7,-7.6,2256,78.9,78.07,1,3,1,-0.8,5.9,109,149,103,143,274,311,288
474832,8,Brandon Belt,2019-03-29,8,100.0,0.0,0.0,0.0,0.0,0.0,0.005,0.004,0,2,77.0,38.2,2242,94.0,93.13,1,4,4,-0.9,5.93,132,181,135,156,291,319,314
545358,12,Max Stassi,2019-03-29,12,100.0,0.0,0.0,0.0,0.0,0.0,0.003,0.003,0,3,82.9,-20.7,2438,88.4,86.98,2,4,8,-1.4,5.55,112,154,112,146,281,331,300
607680,10,Kevin Pillar,2019-03-29,10,100.0,0.0,0.0,0.0,0.0,0.0,0.003,0.003,0,4,88.6,52.7,2494,89.9,89.31,1,6,4,-0.6,5.97,105,152,118,147,288,324,305
545341,22,Randal Grichuk,2019-03-29,22,100.0,0.0,0.0,0.0,0.0,0.17300000000000001,0.175,0.003,0,3,80.7,22.9,2343,84.1,83.73,5,11,11,-0.4,6.12,108,152,115,144,295,329,309
640461,1,Chad Pinder,2019-03-29,1,100.0,0.0,0.0,0.0,0.0,0.0,0.0,0.002,0,1,80.0,69.0,2807,81.5,80.23,0,1,0,-1.3,5.77,104,154,103,148,291,328,293
641658,5,Garrett Hampson,2019-03-29,5,100.0,0.0,0.0,0.0,0.0,0.0,0.0,0.002,0,1,74.4,50.6,2313,94.5,94.01,1,3,2,-0.5,6.39,114,149,114,151,302,313,275
527038,9,Wilmer Flores,2019-03-29,9,100.0,0.0,0.0,0.0,0.0,0.0,0.0,0.002,0,1,75.6,52.0,2562,91.0,92.67,0,5,4,1.7,7.07,114,156,110,148,296,323,279
543484,12,Mikie Mahtook,2019-03-29,12,100.0,0.0,0.0,0.0,0.0,0.0,0.0,0.001,0,3,76.6,22.1,2138,88.9,88.11,3,6,6,-0.8,5.92,109,152,128,148,307,324,281
